,TEAM_NAME,TEAM_ID,GP,W,L,W_PCT,MIN,E_OFF_RATING,E_DEF_RATING,E_NET_RATING,E_PACE,E_AST_RATIO,E_OREB_PCT,E_DREB_PCT,E_REB_PCT,E_TM_TOV_PCT,GP_RANK,W_RANK,L_RANK,W_PCT_RANK,MIN_RANK,E_OFF_RATING_RANK,E_DEF_RATING_RANK,E_NET_RATING_RANK,E_AST_RATIO_RANK,E_OREB_PCT_RANK,E_DREB_PCT_RANK,E_REB_PCT_RANK,E_TM_TOV_PCT_RANK,E_PACE_RANK,YEAR
0,Golden State Warriors,1610612744,82,42,40,0.512,3951.0,104.7,104.5,0.2,101.6,17.3,0.256,0.696,0.472,0.157,1,12,12,12,27,10,17,13,8,23,29,30,12,1,2006-07
1,Denver Nuggets,1610612743,82,45,37,0.549,3956.0,104.9,102.7,2.2,100.2,17.1,0.289,0.718,0.507,0.164,1,10,10,10,22,9,9,8,10,7,21,11,23,2,2006-07
2,Phoenix Suns,1610612756,82,61,21,0.744,3981.0,111.4,103.4,8.0,98.1,19.3,0.227,0.719,0.486,0.147,1,2,2,2,7,1,13,2,1,29,20,24,4,3,2006-07
3,Sacramento Kings,1610612758,82,33,49,0.402,3961.0,103.6,105.2,-1.7,97.2,15.8,0.231,0.725,0.473,0.149,1,21,21,21,20,16,21,18,23,28,17,29,5,4,2006-07
4,Washington Wizards,1610612764,82,41,41,0.5,3966.0,106.7,108.0,-1.3,96.7,15.5,0.281,0.71,0.489,0.141,1,14,14,14,19,4,28,17,25,13,24,23,2,5,2006-07
5,Los Angeles Lakers,1610612747,82,42,40,0.512,4006.0,105.6,106.1,-0.5,96.0,17.1,0.261,0.723,0.494,0.159,1,12,12,12,1,7,24,16,11,20,18,19,15,6,2006-07
6,Chicago Bulls,1610612741,82,49,33,0.598,3956.0,102.5,97.0,5.4,96.0,17.0,0.286,0.743,0.516,0.166,1,8,8,8,22,20,1,5,12,9,10,6,24,6,2006-07
7,Memphis Grizzlies,1610612763,82,22,60,0.268,3996.0,104.3,109.7,-5.4,95.9,15.9,0.259,0.711,0.485,0.168,1,30,30,30,5,11,30,29,22,21,23,25,25,8,2006-07
8,Indiana Pacers,1610612754,82,35,47,0.427,3956.0,100.0,103.0,-3.0,94.9,15.9,0.284,0.727,0.501,0.17,1,19,19,19,26,30,11,21,21,10,16,13,27,9,2006-07
9,Milwaukee Bucks,1610612749,82,28,54,0.341,3971.0,104.0,109.1,-5.0,94.8,16.7,0.276,0.681,0.476,0.158,1,28,28,28,14,13,29,27,14,15,30,28,14,10,2006-07
10,Toronto Raptors,1610612761,82,47,35,0.573,3951.0,105.0,103.2,1.8,94.7,17.5,0.222,0.745,0.481,0.142,1,9,9,9,27,8,12,10,6,30,8,27,3,11,2006-07
11,Charlotte Bobcats,1610612766,82,33,49,0.402,4001.0,100.7,104.8,-4.1,94.5,17.1,0.264,0.716,0.483,0.155,1,21,21,21,2,27,20,24,9,19,22,26,11,12,2006-07
12,Boston Celtics,1610612738,82,24,58,0.293,3971.0,100.2,104.5,-4.4,94.5,15.6,0.27,0.738,0.499,0.172,1,29,29,29,14,28,18,26,24,18,12,14,28,12,2006-07
13,Seattle SuperSonics,1610612760,82,31,51,0.378,3966.0,104.1,107.5,-3.4,94.3,16.2,0.278,0.709,0.492,0.162,1,26,26,26,18,12,27,22,18,14,27,21,18,14,2006-07
14,Utah Jazz,1610612762,82,51,31,0.622,3961.0,106.7,104.7,2.0,94.1,18.5,0.317,0.751,0.534,0.164,1,6,6,6,20,3,19,9,2,1,4,1,21,15,2006-07
15,New Jersey Nets,1610612751,82,41,41,0.5,3976.0,103.7,103.5,0.2,93.6,18.5,0.246,0.744,0.497,0.157,1,14,14,14,8,15,14,13,3,26,9,17,13,16,2006-07
16,Minnesota Timberwolves,1610612750,82,32,50,0.39,4001.0,101.1,105.3,-4.2,93.3,17.5,0.252,0.721,0.492,0.164,1,24,24,24,4,25,22,25,5,24,19,20,22,17,2006-07
17,Cleveland Cavaliers,1610612739,82,50,32,0.61,3976.0,102.6,98.9,3.7,93.2,16.2,0.297,0.758,0.522,0.152,1,7,7,7,8,19,4,7,17,3,2,4,9,18,2006-07
18,Los Angeles Clippers,1610612746,82,40,42,0.488,3946.0,102.4,102.8,-0.4,93.2,17.0,0.272,0.747,0.512,0.162,1,16,16,16,30,21,10,15,13,17,6,9,17,18,2006-07
19,Philadelphia 76ers,1610612755,82,35,47,0.427,3976.0,101.0,103.9,-2.9,93.2,16.1,0.272,0.708,0.491,0.163,1,19,19,19,8,26,15,20,19,16,28,22,20,18,2006-07
20,New York Knicks,1610612752,82,33,49,0.402,4001.0,102.7,106.3,-3.6,93.1,14.7,0.31,0.74,0.527,0.181,1,21,21,21,2,17,25,23,30,2,11,2,29,21,2006-07
21,Houston Rockets,1610612745,82,52,30,0.634,3971.0,104.0,97.5,6.4,93.0,16.5,0.257,0.77,0.515,0.152,1,5,5,5,14,14,3,4,16,22,1,7,8,22,2006-07
22,New Orleans/Oklahoma City Hornets,1610612740,82,39,43,0.476,3976.0,101.9,104.0,-2.2,92.6,14.9,0.291,0.747,0.514,0.154,1,18,18,18,8,23,16,19,29,6,7,8,10,23,2006-07
23,Atlanta Hawks,1610612737,82,30,52,0.366,3976.0,100.1,105.5,-5.3,92.5,15.3,0.292,0.709,0.498,0.17,1,27,27,27,13,29,23,28,26,5,26,15,26,24,2006-07
24,Orlando Magic,1610612753,82,40,42,0.488,3956.0,102.0,101.7,0.4,92.2,15.1,0.293,0.737,0.52,0.183,1,16,16,16,22,22,7,12,27,4,13,5,30,25,2006-07
25,Miami Heat,1610612748,82,44,38,0.537,3971.0,102.6,102.0,0.6,92.1,16.6,0.249,0.733,0.497,0.159,1,11,11,11,14,18,8,11,15,25,14,16,16,26,2006-07
26,San Antonio Spurs,1610612759,82,58,24,0.707,3956.0,106.7,97.4,9.2,92.0,17.8,0.242,0.757,0.51,0.15,1,3,3,3,22,5,2,1,4,27,3,10,6,27,2006-07
27,Dallas Mavericks,1610612742,82,67,15,0.817,3951.0,108.5,100.6,7.9,91.9,16.0,0.287,0.75,0.524,0.151,1,1,1,1,27,2,5,3,20,8,5,3,7,28,2006-07
28,Portland Trail Blazers,1610612757,82,32,50,0.39,3991.0,101.7,107.3,-5.6,90.8,15.0,0.282,0.73,0.502,0.163,1,24,24,24,6,24,26,30,28,12,15,12,19,29,2006-07
29,Detroit Pistons,1610612765,82,53,29,0.646,3976.0,106.2,101.1,5.1,89.7,17.3,0.283,0.709,0.496,0.135,1,4,4,4,8,6,6,6,7,11,25,18,1,30,2006-07
0,Denver Nuggets,1610612743,82,50,32,0.61,3971.0,107.6,103.2,4.4,102.3,17.7,0.255,0.721,0.493,0.143,1,11,11,11,5,11,9,11,7,21,22,21,9,1,2007-08
1,Golden State Warriors,1610612744,82,48,34,0.585,3956.0,109.1,106.6,2.6,101.4,16.3,0.272,0.703,0.479,0.13,1,12,12,12,18,4,20,13,22,12,30,29,4,2,2007-08
2,Indiana Pacers,1610612754,82,36,46,0.439,3951.0,103.7,104.6,-0.9,100.1,16.9,0.244,0.739,0.487,0.15,1,20,20,20,22,18,15,17,13,23,10,24,15,3,2007-08
3,Phoenix Suns,1610612756,82,55,27,0.671,3956.0,111.2,104.9,6.3,99.0,19.7,0.224,0.709,0.486,0.146,1,6,6,6,18,1,16,5,1,29,29,25,11,4,2007-08
4,Seattle SuperSonics,1610612760,82,20,62,0.244,3966.0,97.6,106.9,-9.2,98.9,15.9,0.268,0.737,0.503,0.16,1,29,29,29,9,30,24,30,24,14,13,13,28,5,2007-08
5,Los Angeles Lakers,1610612747,82,57,25,0.695,3956.0,110.3,102.8,7.4,98.0,18.1,0.263,0.734,0.508,0.143,1,3,3,3,18,3,6,3,4,19,15,9,10,6,2007-08
6,Memphis Grizzlies,1610612763,82,22,60,0.268,3961.0,102.4,109.2,-6.8,97.5,14.9,0.238,0.734,0.483,0.155,1,27,27,27,14,21,28,24,28,24,16,26,23,7,2007-08
7,Sacramento Kings,1610612758,82,38,44,0.463,3966.0,104.5,107.2,-2.7,97.2,14.9,0.252,0.717,0.489,0.164,1,18,18,18,9,14,26,20,29,22,27,23,30,8,2007-08
8,Chicago Bulls,1610612741,82,33,49,0.402,3961.0,101.0,104.2,-3.2,95.7,16.7,0.289,0.731,0.502,0.152,1,22,22,22,14,26,13,21,16,8,18,15,17,9,2007-08
9,Orlando Magic,1610612753,82,52,30,0.634,3956.0,109.0,102.7,6.3,95.6,16.4,0.234,0.748,0.502,0.149,1,9,9,9,18,6,5,5,20,27,6,16,13,10,2007-08
10,Utah Jazz,1610612762,82,54,28,0.659,3941.0,110.8,104.0,6.8,95.6,19.6,0.295,0.741,0.52,0.153,1,8,8,8,30,2,12,4,2,5,9,3,21,10,2007-08
11,Los Angeles Clippers,1610612746,82,23,59,0.28,3961.0,98.8,106.4,-7.6,94.3,16.7,0.231,0.731,0.479,0.152,1,25,25,25,14,28,19,26,17,28,17,28,18,12,2007-08
12,Minnesota Timberwolves,1610612750,82,22,60,0.268,3946.0,100.7,108.9,-8.2,94.2,15.6,0.275,0.736,0.498,0.153,1,27,27,27,25,27,27,27,26,11,14,19,20,13,2007-08
13,New York Knicks,1610612752,82,23,59,0.28,3976.0,101.4,109.6,-8.2,94.1,14.7,0.286,0.727,0.499,0.151,1,25,25,25,3,24,29,27,30,10,21,18,16,14,2007-08
14,Charlotte Bobcats,1610612766,82,32,50,0.39,3976.0,102.1,106.8,-4.7,94.1,16.6,0.256,0.71,0.482,0.154,1,23,23,23,3,23,23,22,18,20,28,27,22,14,2007-08
15,New Jersey Nets,1610612751,82,34,48,0.415,3966.0,101.4,106.6,-5.2,93.9,18.0,0.266,0.738,0.501,0.159,1,21,21,21,9,25,21,23,5,17,11,17,27,16,2007-08
16,Milwaukee Bucks,1610612749,82,26,56,0.317,3971.0,102.4,109.8,-7.5,93.8,16.5,0.3,0.73,0.506,0.156,1,24,24,24,5,22,30,25,19,3,19,11,24,17,2007-08
17,Atlanta Hawks,1610612737,82,37,45,0.451,3971.0,104.0,105.9,-2.0,93.6,17.0,0.297,0.717,0.508,0.158,1,19,19,19,5,16,18,19,12,4,26,8,26,18,2007-08
18,Boston Celtics,1610612738,82,66,16,0.805,3951.0,107.6,96.2,11.5,93.3,17.6,0.266,0.744,0.519,0.163,1,1,1,1,22,10,1,1,8,18,8,4,29,19,2007-08
19,Philadelphia 76ers,1610612755,82,40,42,0.488,3951.0,103.0,103.4,-0.4,93.1,15.9,0.318,0.72,0.517,0.152,1,17,17,17,22,20,10,14,23,1,23,5,19,20,2007-08
20,Houston Rockets,1610612745,82,55,27,0.671,3946.0,103.9,98.8,5.0,92.9,16.8,0.291,0.748,0.523,0.147,1,6,6,6,25,17,2,10,14,7,7,2,12,21,2007-08
21,Dallas Mavericks,1610612742,82,51,31,0.622,3946.0,108.6,103.1,5.4,92.5,16.7,0.267,0.75,0.516,0.137,1,10,10,10,25,7,8,8,15,16,5,6,5,22,2007-08
22,Cleveland Cavaliers,1610612739,82,45,37,0.549,3971.0,103.2,103.7,-0.5,92.5,15.7,0.304,0.759,0.524,0.15,1,13,13,13,5,19,11,15,25,2,2,1,14,22,2007-08
23,Miami Heat,1610612748,82,15,67,0.183,3966.0,98.1,107.1,-9.0,92.5,16.3,0.221,0.719,0.466,0.157,1,30,30,30,9,29,25,29,21,30,24,30,25,22,2007-08
24,Toronto Raptors,1610612761,82,41,41,0.5,3966.0,107.7,104.3,3.5,92.4,18.7,0.234,0.75,0.491,0.126,1,15,15,15,9,9,14,12,3,25,4,22,1,25,2007-08
25,New Orleans Hornets,1610612740,82,56,26,0.683,3961.0,109.0,102.9,6.2,92.1,17.2,0.27,0.754,0.506,0.128,1,4,4,4,14,5,7,7,9,13,3,10,2,26,2007-08
26,Washington Wizards,1610612764,82,43,39,0.524,3981.0,106.0,106.8,-0.8,92.0,15.6,0.289,0.728,0.502,0.142,1,14,14,14,1,12,22,16,27,9,20,14,8,27,2007-08
27,San Antonio Spurs,1610612759,82,56,26,0.683,3946.0,104.7,99.5,5.2,90.8,17.1,0.234,0.771,0.506,0.139,1,4,4,4,25,13,3,9,10,26,1,12,6,28,2007-08
28,Portland Trail Blazers,1610612757,82,41,41,0.5,3981.0,104.1,105.5,-1.4,90.4,17.0,0.268,0.718,0.494,0.141,1,15,15,15,1,15,17,18,11,15,25,20,7,29,2007-08
29,Detroit Pistons,1610612765,82,59,23,0.72,3946.0,108.0,100.0,8.0,89.9,17.8,0.294,0.737,0.514,0.129,1,2,2,2,25,8,4,2,6,6,12,7,3,30,2007-08
0,Golden State Warriors,1610612744,82,29,53,0.354,3976.0,106.6,110.1,-3.5,101.0,15.4,0.261,0.681,0.472,0.144,1,24,24,24,10,11,28,24,28,18,30,29,13,1,2008-09
1,New York Knicks,1610612752,82,32,50,0.39,3961.0,105.3,108.4,-3.1,99.0,16.0,0.244,0.727,0.478,0.143,1,23,23,23,14,17,24,23,22,27,21,27,12,2,2008-09
2,Indiana Pacers,1610612754,82,36,46,0.439,3966.0,105.4,106.5,-1.2,98.9,16.3,0.254,0.745,0.498,0.145,1,18,18,18,11,15,19,18,18,21,10,19,14,3,2008-09
3,Phoenix Suns,1610612756,82,46,36,0.561,3951.0,111.2,108.5,2.6,98.4,17.4,0.277,0.717,0.506,0.16,1,13,13,13,24,1,25,10,4,14,22,11,26,4,2008-09
4,Denver Nuggets,1610612743,82,54,28,0.659,3946.0,107.5,103.5,4.0,97.0,16.9,0.275,0.717,0.502,0.158,1,5,5,5,27,7,8,7,9,15,23,16,25,5,2008-09
5,Los Angeles Lakers,1610612747,82,65,17,0.793,3956.0,109.8,101.9,7.9,96.9,17.3,0.294,0.73,0.514,0.138,1,2,2,2,21,3,5,4,5,3,18,5,5,6,2008-09
6,Sacramento Kings,1610612758,82,17,65,0.207,3981.0,102.6,111.9,-9.3,96.8,15.3,0.245,0.699,0.47,0.158,1,30,30,30,4,24,30,30,29,26,29,30,24,7,2008-09
7,Oklahoma City Thunder,1610612760,82,23,59,0.28,3961.0,99.9,106.9,-7.0,96.1,15.6,0.286,0.739,0.508,0.167,1,27,27,27,14,29,21,27,27,4,13,7,28,8,2008-09
8,Chicago Bulls,1610612741,82,41,41,0.5,3986.0,105.1,105.8,-0.7,95.8,16.1,0.28,0.709,0.496,0.15,1,15,15,15,2,19,18,16,20,6,28,20,19,9,2008-09
9,Utah Jazz,1610612762,82,48,34,0.585,3976.0,107.1,104.7,2.5,95.6,18.4,0.282,0.727,0.505,0.153,1,11,11,11,7,9,12,11,1,5,20,14,22,10,2008-09
10,Milwaukee Bucks,1610612749,82,34,48,0.415,3956.0,103.8,104.9,-1.2,95.2,16.8,0.278,0.74,0.499,0.147,1,20,20,20,21,23,15,18,10,9,11,17,15,11,2008-09
11,Orlando Magic,1610612753,82,59,23,0.72,3946.0,107.2,98.9,8.3,94.6,15.6,0.24,0.759,0.507,0.148,1,4,4,4,27,8,1,3,26,28,2,9,16,12,2008-09
12,Los Angeles Clippers,1610612746,82,19,63,0.232,3976.0,99.5,108.8,-9.2,94.6,16.4,0.251,0.712,0.475,0.156,1,28,28,28,7,30,26,29,13,23,27,28,23,12,2008-09
13,Toronto Raptors,1610612761,82,33,49,0.402,3961.0,104.3,107.1,-2.8,94.4,17.5,0.24,0.737,0.491,0.141,1,22,22,22,14,22,22,21,3,29,14,22,10,14,2008-09
14,Minnesota Timberwolves,1610612750,82,24,58,0.293,3961.0,102.6,109.1,-6.5,94.1,15.9,0.277,0.75,0.505,0.149,1,25,25,25,14,25,27,26,23,10,5,13,18,15,2008-09
15,Dallas Mavericks,1610612742,82,50,32,0.61,3961.0,108.1,105.3,2.8,93.9,17.0,0.266,0.746,0.508,0.135,1,9,9,9,14,5,17,9,8,16,8,8,4,16,2008-09
16,Washington Wizards,1610612764,82,19,63,0.232,3941.0,102.3,111.2,-8.9,93.4,15.8,0.277,0.714,0.49,0.149,1,28,28,28,29,26,29,28,24,11,26,24,17,17,2008-09
17,Houston Rockets,1610612745,82,53,29,0.646,3961.0,105.4,101.4,4.0,92.7,16.2,0.264,0.753,0.519,0.151,1,8,8,8,14,16,4,7,19,17,4,4,20,18,2008-09
18,Boston Celtics,1610612738,82,62,20,0.756,3976.0,108.1,99.4,8.7,92.7,17.8,0.279,0.756,0.528,0.167,1,3,3,3,7,6,2,2,2,8,3,2,29,18,2008-09
19,Philadelphia 76ers,1610612755,82,41,41,0.5,3951.0,104.7,104.7,0.0,92.6,15.8,0.313,0.714,0.512,0.152,1,15,15,15,24,20,14,15,25,2,25,6,21,20,2008-09
20,Memphis Grizzlies,1610612763,82,24,58,0.293,3961.0,100.9,106.8,-5.9,92.5,14.2,0.258,0.735,0.493,0.164,1,25,25,25,14,28,20,25,30,20,15,21,27,21,2008-09
21,Miami Heat,1610612748,82,43,39,0.524,3991.0,105.1,104.7,0.4,92.3,16.3,0.246,0.729,0.486,0.134,1,14,14,14,1,18,13,14,16,24,19,26,3,22,2008-09
22,New Jersey Nets,1610612751,82,34,48,0.415,3966.0,105.4,108.2,-2.8,92.3,16.0,0.252,0.735,0.49,0.141,1,20,20,20,11,14,23,21,21,22,16,23,9,22,2008-09
23,Atlanta Hawks,1610612737,82,47,35,0.573,3941.0,106.6,104.6,2.0,92.0,16.4,0.26,0.716,0.489,0.139,1,12,12,12,29,10,11,12,15,19,24,25,6,24,2008-09
24,Cleveland Cavaliers,1610612739,82,66,16,0.805,3956.0,109.7,99.4,10.3,91.2,16.4,0.277,0.746,0.52,0.139,1,1,1,1,21,4,3,1,12,12,9,3,8,25,2008-09
25,Charlotte Bobcats,1610612766,82,35,47,0.427,3986.0,101.6,103.4,-1.8,90.8,17.0,0.277,0.73,0.505,0.169,1,19,19,19,2,27,7,20,7,12,17,12,30,26,2008-09
26,San Antonio Spurs,1610612759,82,54,28,0.659,3981.0,106.2,102.0,4.3,90.4,17.3,0.221,0.78,0.504,0.129,1,5,5,5,4,12,6,6,6,30,1,15,1,27,2008-09
27,New Orleans Hornets,1610612740,82,49,33,0.598,3951.0,106.2,104.1,2.0,90.0,16.3,0.246,0.749,0.498,0.139,1,10,10,10,26,13,9,12,17,25,7,18,7,28,2008-09
28,Portland Trail Blazers,1610612757,82,54,28,0.659,3966.0,110.7,104.5,6.2,89.2,16.4,0.326,0.75,0.535,0.143,1,5,5,5,11,2,10,5,14,1,6,1,11,29,2008-09
29,Detroit Pistons,1610612765,82,39,43,0.476,3981.0,104.5,105.2,-0.8,89.1,16.7,0.279,0.74,0.506,0.132,1,17,17,17,4,21,16,17,11,7,12,10,2,30,2008-09
0,Golden State Warriors,1610612744,82,26,56,0.317,3946.0,105.4,109.4,-3.9,102.7,16.5,0.209,0.685,0.444,0.142,1,26,26,26,26,14,29,22,13,30,30,30,9,1,2009-10
1,Indiana Pacers,1610612754,82,32,50,0.39,3941.0,101.3,104.2,-2.9,99.4,16.1,0.216,0.73,0.471,0.151,1,21,21,21,29,26,15,20,18,29,22,29,19,2,2009-10
2,Minnesota Timberwolves,1610612750,82,15,67,0.183,3956.0,98.9,109.3,-10.4,98.5,15.0,0.267,0.736,0.497,0.164,1,29,29,29,17,29,28,30,28,15,16,19,28,3,2009-10
3,Phoenix Suns,1610612756,82,54,28,0.659,3946.0,112.7,106.9,5.8,97.9,17.5,0.276,0.708,0.504,0.151,1,5,5,5,26,1,19,3,5,10,29,14,18,4,2009-10
4,Denver Nuggets,1610612743,82,53,29,0.646,3956.0,108.7,104.7,4.0,97.3,16.1,0.261,0.724,0.495,0.141,1,6,6,6,17,5,16,11,20,19,26,22,8,5,2009-10
5,Houston Rockets,1610612745,82,42,40,0.512,3981.0,104.5,105.5,-1.0,96.5,16.5,0.269,0.738,0.495,0.148,1,16,16,16,2,18,17,16,14,12,12,21,15,6,2009-10
6,Sacramento Kings,1610612758,82,25,57,0.305,3976.0,102.4,107.2,-4.8,96.5,15.7,0.278,0.735,0.503,0.153,1,28,28,28,5,22,21,25,23,6,18,15,21,6,2009-10
7,New York Knicks,1610612752,82,29,53,0.354,3976.0,105.2,109.1,-4.0,96.1,16.6,0.235,0.721,0.474,0.144,1,22,22,22,5,15,27,23,11,27,27,28,12,8,2009-10
8,Memphis Grizzlies,1610612763,82,40,42,0.488,3981.0,104.8,107.6,-2.9,96.1,14.4,0.313,0.733,0.523,0.156,1,18,18,18,2,17,24,20,30,1,20,2,23,8,2009-10
9,Utah Jazz,1610612762,82,53,29,0.646,3951.0,107.8,102.9,4.8,96.0,19.8,0.268,0.756,0.519,0.157,1,6,6,6,25,8,11,7,1,13,5,5,26,10,2009-10
10,Oklahoma City Thunder,1610612760,82,50,32,0.61,3961.0,105.8,101.6,4.1,95.6,15.5,0.286,0.736,0.517,0.156,1,9,9,9,15,12,8,9,25,3,17,6,24,11,2009-10
11,Chicago Bulls,1610612741,82,41,41,0.5,3981.0,100.8,102.6,-1.8,95.5,16.0,0.266,0.748,0.51,0.148,1,17,17,17,2,28,10,18,21,16,8,9,16,12,2009-10
12,Toronto Raptors,1610612761,82,40,42,0.488,3956.0,108.6,110.2,-1.6,95.4,17.1,0.247,0.729,0.495,0.14,1,18,18,18,17,6,30,17,8,24,23,23,6,13,2009-10
13,Los Angeles Lakers,1610612747,82,57,25,0.695,3966.0,105.9,101.1,4.9,95.2,16.2,0.276,0.744,0.512,0.139,1,3,3,3,12,11,6,5,17,7,9,8,5,14,2009-10
14,Los Angeles Clippers,1610612746,82,29,53,0.354,3941.0,100.9,107.1,-6.3,95.0,17.1,0.271,0.74,0.504,0.165,1,22,22,22,29,27,20,27,10,11,11,13,29,15,2009-10
15,Dallas Mavericks,1610612742,82,55,27,0.671,3976.0,107.1,103.2,4.0,94.8,18.0,0.243,0.737,0.493,0.136,1,4,4,4,5,10,12,11,3,26,15,24,2,16,2009-10
16,New Orleans Hornets,1610612740,82,37,45,0.451,3966.0,105.1,107.3,-2.3,94.8,17.3,0.248,0.738,0.489,0.141,1,20,20,20,12,16,22,19,7,23,14,26,7,16,2009-10
17,Orlando Magic,1610612753,82,59,23,0.72,3946.0,109.5,100.2,9.3,94.2,15.8,0.246,0.774,0.519,0.15,1,2,2,2,26,2,2,1,22,25,1,4,17,18,2009-10
18,Washington Wizards,1610612764,82,26,56,0.317,3966.0,101.4,106.7,-5.4,94.1,15.0,0.276,0.724,0.497,0.157,1,26,26,26,12,25,18,26,29,8,25,20,25,19,2009-10
19,Milwaukee Bucks,1610612749,82,46,36,0.561,3996.0,102.0,100.9,1.0,94.0,16.4,0.262,0.764,0.501,0.138,1,14,14,14,1,23,3,15,16,18,3,17,4,20,2009-10
20,San Antonio Spurs,1610612759,82,50,32,0.61,3956.0,107.2,102.0,5.2,94.0,17.4,0.268,0.763,0.52,0.144,1,9,9,9,17,9,9,4,6,14,4,3,11,20,2009-10
21,Philadelphia 76ers,1610612755,82,27,55,0.329,3961.0,103.4,107.6,-4.2,93.9,16.4,0.276,0.732,0.5,0.154,1,24,24,24,15,20,23,24,15,9,21,18,22,22,2009-10
22,Boston Celtics,1610612738,82,50,32,0.61,3956.0,105.4,101.1,4.3,93.8,18.5,0.228,0.738,0.491,0.158,1,9,9,9,17,13,5,8,2,28,13,25,27,23,2009-10
23,New Jersey Nets,1610612751,82,12,70,0.146,3956.0,98.1,108.0,-10.0,93.6,15.1,0.251,0.718,0.474,0.153,1,30,30,30,17,30,25,29,27,21,28,27,20,24,2009-10
24,Cleveland Cavaliers,1610612739,82,61,21,0.744,3956.0,108.8,101.5,7.3,93.5,17.7,0.251,0.772,0.524,0.148,1,1,1,1,17,4,7,2,4,22,2,1,14,25,2009-10
25,Charlotte Bobcats,1610612766,82,44,38,0.537,3976.0,101.5,100.2,1.3,92.8,16.1,0.265,0.742,0.507,0.168,1,15,15,15,5,24,1,14,19,17,10,10,30,26,2009-10
26,Atlanta Hawks,1610612737,82,53,29,0.646,3971.0,108.9,104.0,4.9,92.5,17.1,0.282,0.727,0.502,0.128,1,6,6,6,10,3,14,5,9,5,24,16,1,27,2009-10
27,Miami Heat,1610612748,82,47,35,0.573,3976.0,104.5,100.9,3.6,91.9,15.4,0.261,0.749,0.507,0.143,1,13,13,13,5,19,4,13,26,20,6,11,10,28,2009-10
28,Detroit Pistons,1610612765,82,27,55,0.329,3956.0,102.4,108.9,-6.5,91.0,15.5,0.303,0.734,0.505,0.146,1,24,24,24,17,21,26,28,24,2,19,12,13,29,2009-10
29,Portland Trail Blazers,1610612757,82,50,32,0.61,3971.0,108.0,104.0,4.1,90.2,16.6,0.282,0.748,0.513,0.136,1,9,9,9,10,7,13,9,12,4,7,7,3,30,2009-10
0,Minnesota Timberwolves,1610612750,82,17,65,0.207,3956.0,101.1,108.3,-7.2,99.2,15.0,0.296,0.737,0.511,0.171,1,30,30,30,20,24,27,28,29,2,16,7,30,1,2010-11
1,New York Knicks,1610612752,82,42,40,0.512,3956.0,108.3,106.9,1.4,98.1,16.4,0.242,0.719,0.479,0.139,1,15,15,15,20,5,21,13,20,24,26,28,4,2,2010-11
2,Denver Nuggets,1610612743,82,50,32,0.61,3941.0,109.5,104.8,4.7,97.9,17.0,0.239,0.754,0.504,0.144,1,9,9,9,29,1,16,8,12,27,5,13,9,3,2010-11
3,Sacramento Kings,1610612758,82,24,58,0.293,3971.0,100.6,106.3,-5.7,97.8,15.4,0.299,0.744,0.516,0.163,1,25,25,25,10,26,20,25,26,1,13,4,28,4,2010-11
4,Golden State Warriors,1610612744,82,36,46,0.439,3966.0,105.5,107.6,-2.1,97.4,17.0,0.267,0.693,0.475,0.149,1,20,20,20,12,13,26,20,11,14,30,30,16,5,2010-11
5,Indiana Pacers,1610612754,82,37,45,0.451,3956.0,101.9,103.4,-1.5,97.2,15.2,0.259,0.741,0.502,0.157,1,19,19,19,20,22,12,19,28,17,15,15,26,6,2010-11
6,Houston Rockets,1610612745,82,43,39,0.524,3976.0,108.0,106.2,1.8,96.9,17.8,0.274,0.727,0.5,0.138,1,14,14,14,6,6,18,11,5,11,20,16,2,7,2010-11
7,Phoenix Suns,1610612756,82,40,42,0.488,4001.0,107.0,107.4,-0.4,96.8,17.9,0.237,0.716,0.476,0.145,1,17,17,17,1,9,25,16,4,28,28,29,11,8,2010-11
8,Washington Wizards,1610612764,82,23,59,0.28,3986.0,99.6,107.2,-7.6,96.5,14.9,0.28,0.705,0.485,0.157,1,27,27,27,4,28,23,29,30,9,29,26,23,9,2010-11
9,Cleveland Cavaliers,1610612739,82,19,63,0.232,3951.0,99.5,109.1,-9.6,95.5,16.4,0.242,0.733,0.481,0.148,1,29,29,29,27,29,29,30,21,25,18,27,14,10,2010-11
10,Los Angeles Clippers,1610612746,82,32,50,0.39,3971.0,101.8,106.3,-4.5,95.5,16.9,0.284,0.732,0.51,0.169,1,23,23,23,10,23,19,24,15,7,19,8,29,10,2010-11
11,Toronto Raptors,1610612761,82,22,60,0.268,3956.0,103.3,110.0,-6.7,95.4,16.8,0.282,0.72,0.495,0.153,1,28,28,28,20,20,30,26,16,8,25,19,22,12,2010-11
12,Oklahoma City Thunder,1610612760,82,55,27,0.671,4001.0,108.6,104.0,4.5,95.3,15.8,0.274,0.736,0.513,0.146,1,7,7,7,1,4,13,9,25,10,17,6,13,13,2010-11
13,San Antonio Spurs,1610612759,82,61,21,0.744,3956.0,109.4,102.8,6.6,94.6,17.5,0.249,0.746,0.504,0.142,1,2,2,2,20,2,11,3,8,21,10,12,6,14,2010-11
14,Memphis Grizzlies,1610612763,82,46,36,0.561,3976.0,104.4,102.5,1.9,94.5,16.0,0.289,0.725,0.505,0.146,1,11,11,11,6,16,8,10,23,6,21,9,12,15,2010-11
15,Philadelphia 76ers,1610612755,82,41,41,0.5,3986.0,104.0,102.5,1.5,93.9,17.6,0.246,0.745,0.496,0.136,1,16,16,16,4,17,10,12,7,23,12,18,1,16,2010-11
16,Utah Jazz,1610612762,82,39,43,0.476,3976.0,104.9,107.3,-2.4,93.6,18.0,0.27,0.717,0.491,0.151,1,18,18,18,6,14,24,21,3,13,27,23,20,17,2010-11
17,Orlando Magic,1610612753,82,52,30,0.634,3966.0,105.7,99.1,6.6,93.5,15.9,0.261,0.769,0.521,0.159,1,8,8,8,12,10,3,3,24,16,1,2,27,18,2010-11
18,Los Angeles Lakers,1610612747,82,57,25,0.695,3966.0,107.9,101.3,6.6,93.4,17.0,0.292,0.723,0.515,0.139,1,4,4,4,12,7,6,3,10,5,22,5,3,19,2010-11
19,Dallas Mavericks,1610612742,82,57,25,0.695,3941.0,107.6,102.3,5.3,93.4,18.7,0.241,0.748,0.504,0.15,1,4,4,4,29,8,7,7,2,26,7,11,19,19,2010-11
20,Miami Heat,1610612748,82,58,24,0.707,3956.0,109.3,100.7,8.5,93.2,16.1,0.252,0.755,0.518,0.149,1,3,3,3,20,3,5,1,22,19,4,3,17,21,2010-11
21,Chicago Bulls,1610612741,82,62,20,0.756,3966.0,105.5,97.4,8.1,92.9,17.3,0.294,0.762,0.535,0.151,1,1,1,1,12,12,1,2,9,4,3,1,21,22,2010-11
22,Boston Celtics,1610612738,82,56,26,0.683,3956.0,104.0,97.8,6.2,92.5,18.8,0.211,0.747,0.495,0.157,1,6,6,6,20,18,2,6,1,30,9,20,24,23,2010-11
23,New Jersey Nets,1610612751,82,24,58,0.293,4001.0,100.2,107.0,-6.9,92.4,16.6,0.261,0.742,0.494,0.149,1,25,25,25,1,27,22,27,19,15,14,21,18,24,2010-11
24,Milwaukee Bucks,1610612749,82,35,47,0.427,3966.0,99.0,99.9,-1.0,92.1,15.3,0.247,0.748,0.491,0.145,1,21,21,21,12,30,4,17,27,22,8,24,10,25,2010-11
25,Charlotte Bobcats,1610612766,82,34,48,0.415,3961.0,100.8,104.8,-4.0,92.1,16.9,0.257,0.752,0.503,0.157,1,22,22,22,18,25,17,22,13,18,6,14,25,25,2010-11
26,Atlanta Hawks,1610612737,82,44,38,0.537,3946.0,103.2,104.6,-1.4,91.6,17.7,0.234,0.746,0.492,0.148,1,13,13,13,28,21,15,18,6,29,11,22,15,27,2010-11
27,Detroit Pistons,1610612765,82,30,52,0.366,3976.0,104.6,109.0,-4.4,91.5,16.8,0.274,0.721,0.487,0.14,1,24,24,24,6,15,28,23,18,12,23,25,5,28,2010-11
28,New Orleans Hornets,1610612740,82,46,36,0.561,3966.0,103.8,102.5,1.4,90.9,16.8,0.251,0.762,0.505,0.143,1,11,11,11,12,19,9,13,17,20,2,10,7,29,2010-11
29,Portland Trail Blazers,1610612757,82,48,34,0.585,3961.0,105.6,104.2,1.4,90.5,16.9,0.295,0.72,0.498,0.143,1,10,10,10,18,11,14,13,14,3,24,17,8,30,2010-11
0,Sacramento Kings,1610612758,66,22,44,0.333,3183.0,101.0,106.8,-5.8,97.3,14.7,0.291,0.705,0.488,0.147,1,25,25,25,23,22,28,25,29,7,29,25,6,1,2011-12
1,Denver Nuggets,1610612743,66,38,28,0.576,3208.0,106.5,103.4,3.1,96.7,17.9,0.277,0.743,0.517,0.157,1,11,11,11,6,3,19,8,2,13,9,4,18,2,2011-12
2,Milwaukee Bucks,1610612749,66,31,35,0.47,3173.0,102.4,102.4,0.0,96.4,17.6,0.277,0.709,0.487,0.146,1,19,19,19,28,16,17,18,5,12,25,26,4,3,2011-12
3,Minnesota Timberwolves,1610612750,66,26,40,0.394,3188.0,101.5,103.6,-2.2,96.0,15.1,0.275,0.73,0.502,0.157,1,21,21,21,16,18,21,21,25,14,16,15,17,4,2011-12
4,New York Knicks,1610612752,66,36,30,0.545,3188.0,101.4,98.4,3.0,95.7,15.6,0.266,0.737,0.499,0.166,1,13,13,13,16,19,5,10,22,18,12,16,27,5,2011-12
5,Oklahoma City Thunder,1610612760,66,47,19,0.712,3198.0,107.1,100.0,7.2,95.7,14.6,0.278,0.721,0.514,0.17,1,3,3,3,8,2,9,3,30,11,23,5,29,5,2011-12
6,San Antonio Spurs,1610612759,66,50,16,0.758,3188.0,108.5,100.6,7.9,95.1,17.8,0.251,0.76,0.511,0.142,1,1,1,1,16,1,11,2,3,24,1,8,2,7,2011-12
7,Washington Wizards,1610612764,66,20,46,0.303,3173.0,97.8,103.8,-6.0,95.1,15.1,0.273,0.709,0.489,0.16,1,29,29,29,28,28,24,26,26,17,26,24,19,7,2011-12
8,Phoenix Suns,1610612756,66,33,33,0.5,3168.0,103.5,103.8,-0.2,95.0,17.4,0.258,0.717,0.49,0.148,1,18,18,18,30,8,23,19,9,23,24,23,10,9,2011-12
9,Golden State Warriors,1610612744,66,23,43,0.348,3183.0,103.1,106.0,-3.0,94.7,17.4,0.229,0.691,0.461,0.146,1,23,23,23,23,11,27,22,8,29,30,30,5,10,2011-12
10,Houston Rockets,1610612745,66,34,32,0.515,3213.0,102.7,102.1,0.6,94.3,16.4,0.275,0.734,0.502,0.152,1,17,17,17,3,13,15,16,16,15,13,14,13,11,2011-12
11,Cleveland Cavaliers,1610612739,66,21,45,0.318,3193.0,98.1,106.0,-7.9,94.0,15.4,0.289,0.722,0.497,0.162,1,27,27,27,10,27,26,29,23,8,22,18,25,12,2011-12
12,Utah Jazz,1610612762,66,36,30,0.545,3233.0,103.7,103.6,0.2,93.9,16.6,0.302,0.738,0.518,0.148,1,13,13,13,1,7,20,17,14,2,11,3,7,13,2011-12
13,Portland Trail Blazers,1610612757,66,28,38,0.424,3193.0,102.8,103.7,-0.9,93.7,16.1,0.263,0.728,0.49,0.15,1,20,20,20,10,12,22,20,18,21,18,22,12,14,2011-12
14,Miami Heat,1610612748,66,46,20,0.697,3208.0,104.3,97.1,7.2,93.7,15.9,0.266,0.739,0.511,0.161,1,4,4,4,6,6,4,3,20,19,10,6,22,14,2011-12
15,Dallas Mavericks,1610612742,66,36,30,0.545,3213.0,101.0,99.7,1.3,93.6,16.5,0.234,0.748,0.493,0.148,1,13,13,13,3,20,8,14,15,28,5,21,9,16,2011-12
16,Charlotte Bobcats,1610612766,66,7,59,0.106,3178.0,92.3,107.8,-15.5,93.6,16.0,0.236,0.709,0.464,0.154,1,30,30,30,26,30,30,30,19,27,27,29,16,16,2011-12
17,Indiana Pacers,1610612754,66,42,24,0.636,3198.0,103.5,100.4,3.1,93.4,14.7,0.292,0.723,0.509,0.148,1,5,5,5,8,9,10,8,28,5,21,9,11,18,2011-12
18,Memphis Grizzlies,1610612763,66,41,25,0.621,3188.0,101.0,98.9,2.1,93.4,15.4,0.298,0.727,0.508,0.154,1,6,6,6,16,21,7,12,24,3,19,11,15,18,2011-12
19,Los Angeles Lakers,1610612747,66,41,25,0.621,3213.0,103.3,101.7,1.7,92.9,17.3,0.291,0.748,0.53,0.16,1,6,6,6,3,10,13,13,10,6,6,2,21,20,2011-12
20,New Jersey Nets,1610612751,66,22,44,0.333,3178.0,99.7,106.9,-7.2,92.7,15.8,0.278,0.707,0.486,0.161,1,25,25,25,26,23,29,28,21,10,28,27,23,21,2011-12
21,Boston Celtics,1610612738,66,39,27,0.591,3188.0,98.9,95.5,3.4,92.6,18.8,0.197,0.724,0.473,0.16,1,10,10,10,16,24,2,7,1,30,20,28,20,22,2011-12
22,Atlanta Hawks,1610612737,66,40,26,0.606,3233.0,102.4,98.6,3.8,92.5,17.6,0.239,0.744,0.493,0.148,1,8,8,8,1,15,6,6,6,26,7,20,8,23,2011-12
23,Philadelphia 76ers,1610612755,66,35,31,0.53,3183.0,101.7,96.6,5.1,91.9,17.5,0.244,0.752,0.497,0.121,1,16,16,16,23,17,3,5,7,25,4,19,1,24,2011-12
24,Los Angeles Clippers,1610612746,66,40,26,0.606,3193.0,105.2,102.9,2.2,91.8,16.6,0.295,0.732,0.511,0.144,1,8,8,8,10,4,18,11,13,4,14,7,3,25,2011-12
25,Chicago Bulls,1610612741,66,50,16,0.758,3188.0,104.5,95.3,9.3,91.8,17.7,0.326,0.743,0.539,0.152,1,1,1,1,16,5,1,1,4,1,8,1,14,25,2011-12
26,Detroit Pistons,1610612765,66,25,41,0.379,3193.0,97.8,104.0,-6.2,91.7,15.1,0.281,0.728,0.497,0.168,1,22,22,22,10,29,25,27,27,9,17,17,28,27,2011-12
27,Toronto Raptors,1610612761,66,23,43,0.348,3193.0,98.5,101.5,-3.0,91.6,16.8,0.259,0.754,0.509,0.165,1,23,23,23,10,25,12,22,11,22,3,10,26,28,2011-12
28,Orlando Magic,1610612753,66,37,29,0.561,3193.0,102.4,101.7,0.7,91.2,16.1,0.265,0.755,0.507,0.162,1,12,12,12,10,14,14,15,17,20,2,13,24,29,2011-12
29,New Orleans Hornets,1610612740,66,21,45,0.318,3188.0,98.3,102.3,-4.0,90.7,16.8,0.275,0.731,0.507,0.17,1,27,27,27,16,26,16,24,12,16,15,12,30,30,2011-12
0,Houston Rockets,1610612745,82,45,37,0.549,3956.0,106.7,103.5,3.3,98.6,17.3,0.264,0.752,0.51,0.166,1,11,11,11,21,6,16,9,12,17,2,11,30,1,2012-13
1,Denver Nuggets,1610612743,82,57,25,0.695,3981.0,107.6,102.0,5.6,97.8,17.8,0.314,0.718,0.52,0.155,1,4,4,4,3,5,11,5,6,1,27,4,17,2,2012-13
2,Milwaukee Bucks,1610612749,82,38,44,0.463,3966.0,100.9,102.3,-1.4,97.3,17.0,0.279,0.713,0.488,0.144,1,18,18,18,12,21,12,18,17,11,28,24,4,3,2012-13
3,Los Angeles Lakers,1610612747,82,45,37,0.549,3951.0,105.6,103.6,2.0,96.8,16.8,0.27,0.743,0.512,0.155,1,11,11,11,24,8,19,10,20,13,10,10,18,4,2012-13
4,Golden State Warriors,1610612744,82,47,35,0.573,3961.0,104.2,102.6,1.7,96.8,17.1,0.254,0.755,0.513,0.155,1,10,10,10,16,10,13,11,14,21,1,8,19,4,2012-13
5,San Antonio Spurs,1610612759,82,58,24,0.707,3976.0,105.9,99.2,6.8,96.4,19.1,0.205,0.749,0.493,0.151,1,3,3,3,4,7,3,3,1,29,3,19,10,6,2012-13
6,Sacramento Kings,1610612758,82,28,54,0.341,3966.0,103.0,108.6,-5.6,96.3,16.0,0.266,0.71,0.482,0.15,1,25,25,25,12,13,29,26,26,16,30,27,9,7,2012-13
7,Dallas Mavericks,1610612742,82,41,41,0.5,3996.0,103.6,104.0,-0.4,96.2,17.7,0.218,0.731,0.479,0.143,1,16,17,17,1,11,20,16,8,28,22,28,3,8,2012-13
8,Oklahoma City Thunder,1610612760,82,60,22,0.732,3966.0,110.2,99.2,11.0,95.9,16.6,0.267,0.734,0.517,0.159,1,2,2,2,12,2,4,1,22,15,17,5,25,9,2012-13
9,Phoenix Suns,1610612756,82,25,57,0.305,3961.0,98.2,105.7,-7.5,95.9,17.1,0.27,0.719,0.49,0.161,1,27,27,27,16,29,24,28,13,14,26,23,27,9,2012-13
10,Minnesota Timberwolves,1610612750,82,31,51,0.378,3946.0,100.1,102.9,-2.8,95.2,17.1,0.274,0.74,0.499,0.155,1,22,22,22,26,25,14,21,15,12,11,15,16,11,2012-13
11,Cleveland Cavaliers,1610612739,82,24,58,0.293,3946.0,100.8,106.9,-6.1,94.9,15.9,0.281,0.726,0.493,0.146,1,28,28,28,26,23,27,27,28,10,25,17,6,12,2012-13
12,Atlanta Hawks,1610612737,82,44,38,0.537,3971.0,102.7,101.8,0.9,94.7,18.8,0.222,0.736,0.483,0.156,1,14,14,14,7,15,10,13,2,27,13,26,21,13,2012-13
13,Orlando Magic,1610612753,82,20,62,0.244,3956.0,98.9,106.7,-7.8,94.5,17.6,0.254,0.746,0.5,0.153,1,30,30,30,21,27,25,29,10,22,5,14,12,14,2012-13
14,Washington Wizards,1610612764,82,29,53,0.354,3971.0,97.8,100.6,-2.7,94.4,16.9,0.246,0.746,0.494,0.158,1,23,23,23,7,30,8,20,19,25,7,16,23,15,2012-13
15,Charlotte Bobcats,1610612766,82,21,61,0.256,3961.0,98.3,108.9,-10.6,94.0,15.3,0.257,0.711,0.478,0.148,1,29,29,29,16,28,30,30,30,18,29,29,7,16,2012-13
16,Boston Celtics,1610612738,81,41,40,0.506,3968.0,101.1,100.4,0.7,94.0,17.9,0.201,0.733,0.475,0.153,29,16,16,16,11,20,6,14,5,30,20,30,13,16,2012-13
17,Portland Trail Blazers,1610612757,82,33,49,0.402,3971.0,102.7,106.9,-4.2,93.7,17.0,0.253,0.733,0.49,0.155,1,21,21,21,7,16,26,23,16,23,19,21,15,18,2012-13
18,Los Angeles Clippers,1610612746,82,56,26,0.683,3946.0,107.7,101.0,6.7,93.6,18.4,0.288,0.735,0.516,0.156,1,5,5,5,26,4,9,4,3,7,15,6,20,19,2012-13
19,Utah Jazz,1610612762,82,43,39,0.524,3976.0,103.6,104.3,-0.7,93.4,17.4,0.288,0.732,0.507,0.156,1,15,15,15,4,12,21,17,11,8,21,12,22,20,2012-13
20,Philadelphia 76ers,1610612755,82,34,48,0.415,3951.0,99.5,103.0,-3.4,93.3,17.7,0.249,0.734,0.484,0.139,1,19,19,19,24,26,15,22,9,24,18,25,2,21,2012-13
21,Detroit Pistons,1610612765,82,29,53,0.354,3961.0,100.9,105.6,-4.8,93.2,16.6,0.283,0.73,0.502,0.161,1,23,23,23,16,22,23,24,23,9,23,13,28,22,2012-13
22,Miami Heat,1610612748,82,66,16,0.805,3976.0,110.3,100.5,9.9,93.0,18.4,0.222,0.73,0.49,0.15,1,1,1,1,4,1,7,2,4,26,24,22,8,23,2012-13
23,Toronto Raptors,1610612761,82,34,48,0.415,3996.0,102.9,104.7,-1.7,92.9,16.9,0.255,0.734,0.491,0.145,1,19,19,19,1,14,22,19,18,20,16,20,5,24,2012-13
24,Indiana Pacers,1610612754,81,49,32,0.605,3918.0,101.6,96.6,5.0,92.8,16.0,0.303,0.746,0.529,0.162,29,8,8,8,30,19,1,7,27,4,6,1,29,25,2012-13
25,New York Knicks,1610612752,82,54,28,0.659,3946.0,108.6,103.5,5.1,92.0,15.6,0.256,0.747,0.493,0.131,1,7,7,7,26,3,17,6,29,19,4,18,1,26,2012-13
26,Chicago Bulls,1610612741,82,45,37,0.549,3966.0,100.4,100.3,0.1,92.0,17.8,0.294,0.736,0.512,0.154,1,11,11,11,12,24,5,15,7,5,14,9,14,26,2012-13
27,Brooklyn Nets,1610612751,82,49,33,0.598,3971.0,105.0,103.6,1.4,91.2,16.1,0.309,0.737,0.522,0.159,1,8,9,9,7,9,18,12,25,3,12,3,26,28,2012-13
28,Memphis Grizzlies,1610612763,82,56,26,0.683,3961.0,101.7,97.4,4.2,91.1,16.5,0.31,0.743,0.522,0.152,1,5,5,5,16,18,2,8,24,2,9,2,11,29,2012-13
29,New Orleans Hornets,1610612740,82,27,55,0.329,3956.0,102.7,107.6,-5.0,90.9,16.7,0.292,0.744,0.514,0.159,1,26,26,26,21,17,28,25,21,6,8,7,24,30,2012-13
0,Philadelphia 76ers,1610612755,82,19,63,0.232,3971.0,96.8,107.5,-10.7,101.6,16.0,0.248,0.724,0.477,0.164,1,29,29,29,14,30,27,30,26,22,27,28,30,1,2013-14
1,Los Angeles Lakers,1610612747,82,27,55,0.329,3941.0,101.9,107.9,-6.0,101.0,18.1,0.202,0.71,0.456,0.15,1,25,25,25,30,21,28,27,4,30,30,30,13,2,2013-14
2,Denver Nuggets,1610612743,82,36,46,0.439,3951.0,103.3,105.4,-2.1,100.7,16.4,0.275,0.745,0.509,0.157,1,20,20,20,28,17,21,20,18,5,15,12,23,3,2013-14
3,Minnesota Timberwolves,1610612750,82,40,42,0.488,3971.0,105.6,104.1,1.4,99.8,17.3,0.274,0.744,0.503,0.138,1,17,17,17,10,10,15,13,10,8,16,14,2,4,2013-14
4,Houston Rockets,1610612745,82,54,28,0.659,3966.0,108.6,103.1,5.5,98.8,16.1,0.274,0.741,0.521,0.163,1,5,5,5,15,4,12,5,23,7,20,2,29,5,2013-14
5,Golden State Warriors,1610612744,82,51,31,0.622,3966.0,105.3,99.9,5.4,98.5,17.4,0.251,0.763,0.511,0.154,1,8,8,8,15,12,3,6,9,18,5,9,16,6,2013-14
6,Los Angeles Clippers,1610612746,82,57,25,0.695,3951.0,109.4,102.1,7.3,98.4,18.3,0.25,0.725,0.496,0.14,1,3,3,3,25,1,7,2,3,20,26,20,5,7,2013-14
7,Phoenix Suns,1610612756,82,48,34,0.585,3951.0,107.1,103.8,3.3,98.2,14.7,0.264,0.737,0.501,0.156,1,11,11,11,25,8,13,10,29,15,22,16,21,8,2013-14
8,Oklahoma City Thunder,1610612760,82,59,23,0.72,3961.0,108.1,101.0,7.1,97.9,16.6,0.265,0.756,0.522,0.156,1,2,2,2,20,7,5,3,15,14,9,1,20,9,2013-14
9,Portland Trail Blazers,1610612757,82,54,28,0.659,3971.0,108.3,104.7,3.5,97.5,17.2,0.28,0.747,0.516,0.139,1,5,5,5,10,5,16,8,11,3,13,7,4,10,2013-14
10,Detroit Pistons,1610612765,82,29,53,0.354,3956.0,102.9,107.3,-4.4,97.4,15.6,0.314,0.734,0.514,0.148,1,23,23,23,22,19,26,24,28,1,23,8,12,11,2013-14
11,San Antonio Spurs,1610612759,82,62,20,0.756,3951.0,108.2,100.1,8.1,97.1,19.0,0.227,0.764,0.506,0.148,1,1,1,1,25,6,4,1,1,24,4,13,11,12,2013-14
12,Atlanta Hawks,1610612737,82,38,44,0.463,3966.0,103.4,104.1,-0.7,96.9,18.8,0.21,0.744,0.479,0.156,1,18,18,18,15,15,14,18,2,28,17,26,22,13,2013-14
13,Sacramento Kings,1610612758,82,28,54,0.341,3966.0,102.9,106.3,-3.4,96.7,14.6,0.278,0.766,0.519,0.156,1,24,24,24,15,20,23,22,30,4,3,5,19,14,2013-14
14,Orlando Magic,1610612753,82,23,59,0.28,3991.0,99.3,104.8,-5.5,95.9,16.4,0.224,0.755,0.489,0.153,1,28,28,28,2,29,18,25,20,25,10,23,15,15,2013-14
15,Boston Celtics,1610612738,82,25,57,0.305,3946.0,99.7,105.2,-5.5,95.9,16.2,0.274,0.742,0.501,0.159,1,26,26,26,29,27,20,25,22,6,19,15,28,15,2013-14
16,Dallas Mavericks,1610612742,82,49,33,0.598,3966.0,109.0,105.9,3.0,95.7,18.0,0.246,0.727,0.488,0.141,1,10,10,10,15,3,22,11,6,23,25,24,6,17,2013-14
17,Cleveland Cavaliers,1610612739,82,33,49,0.402,3986.0,101.3,104.8,-3.5,95.7,16.2,0.272,0.758,0.509,0.146,1,22,22,22,4,23,17,23,21,10,6,11,8,17,2013-14
18,Washington Wizards,1610612764,82,44,38,0.537,4011.0,103.3,102.4,0.9,95.5,17.6,0.252,0.757,0.5,0.151,1,14,14,14,1,18,10,15,7,17,8,18,14,19,2013-14
19,Indiana Pacers,1610612754,82,56,26,0.683,3956.0,101.5,96.7,4.8,94.9,15.9,0.249,0.768,0.521,0.158,1,4,4,4,22,22,1,7,27,21,2,3,25,20,2013-14
20,Charlotte Bobcats,1610612766,82,43,39,0.524,3981.0,101.2,101.2,0.1,94.7,16.9,0.219,0.776,0.496,0.129,1,16,16,16,6,24,6,16,13,26,1,19,1,21,2013-14
21,New Orleans Pelicans,1610612740,82,34,48,0.415,3971.0,104.7,107.3,-2.6,94.5,16.5,0.269,0.738,0.5,0.145,1,21,21,21,10,13,25,21,17,13,21,17,7,22,2013-14
22,Toronto Raptors,1610612761,82,48,34,0.585,3991.0,105.8,102.4,3.5,94.4,16.4,0.272,0.749,0.509,0.148,1,11,11,11,2,9,9,8,19,11,12,10,10,23,2013-14
23,Milwaukee Bucks,1610612749,82,15,67,0.183,3976.0,100.2,108.9,-8.7,94.3,16.5,0.271,0.714,0.486,0.158,1,30,30,30,7,26,29,29,16,12,29,25,26,24,2013-14
24,Brooklyn Nets,1610612751,82,44,38,0.537,3976.0,104.4,104.9,-0.6,93.7,16.7,0.217,0.723,0.471,0.154,1,14,14,14,7,14,19,17,14,27,28,29,17,25,2013-14
25,Utah Jazz,1610612762,82,25,57,0.305,3956.0,100.6,109.1,-8.4,93.6,16.1,0.255,0.745,0.492,0.155,1,26,26,26,22,25,30,28,24,16,14,21,18,26,2013-14
26,Miami Heat,1610612748,82,54,28,0.659,3976.0,109.0,102.9,6.1,93.3,18.1,0.206,0.73,0.478,0.158,1,5,5,5,7,2,11,4,5,29,24,27,24,27,2013-14
27,Chicago Bulls,1610612741,82,48,34,0.585,3986.0,99.7,97.8,1.9,92.7,17.6,0.272,0.754,0.517,0.159,1,11,11,11,4,28,2,12,8,9,11,6,27,28,2013-14
28,New York Knicks,1610612752,82,37,45,0.451,3971.0,105.4,106.5,-1.0,92.6,16.0,0.251,0.743,0.49,0.139,1,19,19,19,10,11,24,19,25,19,18,22,3,29,2013-14
29,Memphis Grizzlies,1610612763,82,50,32,0.61,3961.0,103.3,102.1,1.2,92.2,17.1,0.283,0.757,0.52,0.147,1,9,9,9,20,16,8,14,12,2,7,4,9,30,2013-14
0,Golden State Warriors,1610612744,82,67,15,0.817,3946.0,109.7,98.2,11.4,100.7,19.7,0.241,0.745,0.501,0.144,1,1,1,1,26,2,1,1,1,21,18,12,14,1,2014-15
1,Houston Rockets,1610612745,82,56,26,0.683,3961.0,104.2,100.5,3.7,99.3,16.5,0.268,0.729,0.499,0.167,1,3,3,3,20,12,6,6,16,7,28,15,28,2,2014-15
2,Denver Nuggets,1610612743,82,30,52,0.366,3976.0,101.6,105.5,-3.9,98.7,16.2,0.266,0.747,0.498,0.142,1,24,24,24,8,21,26,24,20,9,17,18,11,3,2014-15
3,Phoenix Suns,1610612756,82,39,43,0.476,3976.0,102.9,103.4,-0.5,98.7,15.4,0.245,0.735,0.488,0.152,1,17,17,17,8,14,17,19,29,19,21,25,20,3,2014-15
4,Boston Celtics,1610612738,82,40,42,0.488,3976.0,101.7,102.1,-0.4,98.4,18.0,0.247,0.75,0.495,0.139,1,16,16,16,8,20,14,18,6,16,14,20,6,5,2014-15
5,Oklahoma City Thunder,1610612760,82,45,37,0.549,3966.0,104.5,103.1,1.3,98.3,15.3,0.289,0.756,0.526,0.148,1,13,13,13,18,11,16,13,30,2,10,2,18,6,2014-15
6,Philadelphia 76ers,1610612755,82,18,64,0.22,3961.0,93.0,102.1,-9.1,98.3,15.5,0.255,0.73,0.481,0.179,1,28,28,28,20,30,13,28,27,12,27,29,30,6,2014-15
7,Sacramento Kings,1610612758,82,29,53,0.354,3971.0,102.5,106.5,-4.0,97.9,15.5,0.265,0.752,0.518,0.164,1,25,25,25,13,16,27,25,28,10,12,3,26,8,2014-15
8,Dallas Mavericks,1610612742,82,50,32,0.61,3976.0,107.2,103.7,3.5,97.4,17.0,0.236,0.722,0.478,0.132,1,9,9,9,8,5,18,8,10,24,29,30,3,9,2014-15
9,Los Angeles Clippers,1610612746,82,56,26,0.683,3946.0,109.8,103.0,6.9,97.0,18.7,0.228,0.757,0.498,0.127,1,3,3,3,26,1,15,2,3,28,9,17,2,10,2014-15
10,Minnesota Timberwolves,1610612750,82,16,66,0.195,3961.0,99.8,109.6,-9.8,97.0,16.3,0.266,0.716,0.484,0.153,1,30,30,30,20,26,30,29,18,8,30,26,21,10,2014-15
11,Portland Trail Blazers,1610612757,82,51,31,0.622,3971.0,105.5,101.4,4.2,96.5,16.8,0.242,0.762,0.507,0.14,1,8,8,8,13,8,10,5,12,20,7,10,9,12,2014-15
12,Milwaukee Bucks,1610612749,82,41,41,0.5,3986.0,100.5,99.3,1.2,96.5,17.8,0.254,0.733,0.495,0.172,1,15,15,15,3,25,2,14,7,14,24,19,29,12,2014-15
13,Los Angeles Lakers,1610612747,82,21,61,0.256,3986.0,100.8,108.0,-7.2,96.3,15.9,0.254,0.763,0.498,0.136,1,27,27,27,3,23,29,27,24,13,6,16,5,14,2014-15
14,Atlanta Hawks,1610612737,82,60,22,0.732,3946.0,106.2,100.7,5.6,96.2,19.5,0.214,0.734,0.482,0.147,1,2,2,2,26,6,7,4,2,30,22,27,17,15,2014-15
15,Washington Wizards,1610612764,82,46,36,0.561,3991.0,101.8,100.0,1.9,96.0,18.1,0.249,0.773,0.517,0.155,1,12,12,12,1,19,5,12,5,15,3,4,23,16,2014-15
16,San Antonio Spurs,1610612759,82,55,27,0.671,3991.0,106.2,99.6,6.6,95.9,18.4,0.234,0.773,0.509,0.144,1,5,5,5,1,7,3,3,4,25,4,9,13,17,2014-15
17,Orlando Magic,1610612753,82,25,57,0.305,3951.0,99.6,105.2,-5.6,95.9,16.2,0.231,0.76,0.49,0.155,1,26,26,26,25,27,25,26,21,27,8,22,22,17,2014-15
18,Indiana Pacers,1610612754,82,38,44,0.463,3971.0,100.8,100.9,-0.1,95.5,16.6,0.24,0.779,0.512,0.145,1,18,18,18,13,24,8,17,15,22,2,6,15,19,2014-15
19,Toronto Raptors,1610612761,82,49,33,0.598,3971.0,108.1,104.8,3.2,95.4,16.1,0.256,0.733,0.495,0.134,1,11,11,11,13,3,23,10,22,11,25,21,4,20,2014-15
20,Chicago Bulls,1610612741,82,50,32,0.61,3976.0,104.7,101.5,3.3,95.4,16.6,0.27,0.744,0.513,0.145,1,9,9,9,8,10,11,9,14,5,19,5,16,20,2014-15
21,Charlotte Hornets,1610612766,82,33,49,0.402,3981.0,97.6,101.0,-3.4,95.3,15.8,0.221,0.793,0.5,0.123,1,22,22,22,6,28,9,23,25,29,1,14,1,22,2014-15
22,Detroit Pistons,1610612765,82,32,50,0.39,3966.0,102.3,104.2,-1.8,95.2,16.4,0.277,0.75,0.504,0.139,1,23,23,23,18,17,21,20,17,3,15,11,7,23,2014-15
23,Brooklyn Nets,1610612751,82,38,44,0.463,3986.0,101.9,105.0,-3.1,95.0,16.3,0.239,0.737,0.489,0.144,1,18,18,18,3,18,24,22,19,23,20,23,12,24,2014-15
24,Cleveland Cavaliers,1610612739,82,53,29,0.646,3956.0,107.7,104.1,3.7,94.8,17.1,0.268,0.747,0.511,0.149,1,7,7,7,23,4,20,6,9,6,16,8,19,25,2014-15
25,Memphis Grizzlies,1610612763,82,55,27,0.671,3981.0,103.1,99.9,3.1,94.2,16.9,0.247,0.753,0.501,0.14,1,5,5,5,6,13,4,11,11,17,11,13,8,26,2014-15
26,New Orleans Pelicans,1610612740,82,45,37,0.549,3956.0,105.4,104.7,0.7,93.7,17.1,0.271,0.751,0.511,0.141,1,13,13,13,23,9,22,15,8,4,13,7,10,27,2014-15
27,New York Knicks,1610612752,82,17,65,0.207,3971.0,97.1,107.2,-10.1,93.7,16.7,0.245,0.731,0.481,0.155,1,29,29,29,13,29,28,30,13,18,26,28,24,27,2014-15
28,Miami Heat,1610612748,82,37,45,0.451,3946.0,101.5,103.8,-2.4,93.3,16.1,0.232,0.734,0.488,0.159,1,21,21,21,26,22,19,21,23,26,23,24,25,29,2014-15
29,Utah Jazz,1610612762,82,38,44,0.463,3941.0,102.5,102.1,0.5,92.8,15.8,0.291,0.763,0.528,0.165,1,18,18,18,30,15,12,16,26,1,5,1,27,30,2014-15
0,Sacramento Kings,1610612758,82,33,49,0.402,3961.0,103.3,106.3,-3.0,102.2,17.6,0.239,0.749,0.496,0.157,1,21,21,21,19,14,23,23,5,16,22,17,24,1,2015-16
1,Golden State Warriors,1610612744,82,73,9,0.89,3976.0,112.5,100.9,11.6,101.6,20.4,0.235,0.76,0.513,0.149,1,1,1,1,5,1,4,2,1,19,15,8,19,2,2015-16
2,Boston Celtics,1610612738,82,48,34,0.585,3956.0,103.9,100.9,3.0,101.1,17.4,0.251,0.746,0.494,0.135,1,7,7,7,23,13,5,9,10,10,26,20,5,3,2015-16
3,Phoenix Suns,1610612756,82,23,59,0.28,3941.0,99.4,107.0,-7.6,100.9,15.4,0.254,0.771,0.506,0.169,1,27,27,27,29,28,26,27,26,7,11,11,30,4,2015-16
4,Washington Wizards,1610612764,82,41,41,0.5,3951.0,102.9,103.6,-0.7,100.6,18.1,0.206,0.777,0.486,0.143,1,17,17,17,26,19,14,17,4,27,9,25,15,5,2015-16
5,Philadelphia 76ers,1610612755,82,10,72,0.122,3961.0,96.6,106.7,-10.0,100.2,16.3,0.206,0.74,0.464,0.162,1,30,30,30,19,30,25,29,21,26,27,30,29,6,2015-16
6,Houston Rockets,1610612745,82,41,41,0.5,3966.0,105.5,105.6,-0.2,100.1,16.4,0.257,0.728,0.491,0.158,1,17,17,17,11,8,21,15,19,6,30,22,27,7,2015-16
7,Atlanta Hawks,1610612737,82,48,34,0.585,3966.0,103.0,98.8,4.1,99.4,19.0,0.191,0.746,0.475,0.15,1,7,7,7,11,18,2,7,2,30,25,28,21,8,2015-16
8,Oklahoma City Thunder,1610612760,82,55,27,0.671,3966.0,109.9,103.0,6.9,99.4,16.7,0.311,0.76,0.547,0.159,1,5,5,5,11,2,12,3,17,1,17,1,28,8,2015-16
9,Indiana Pacers,1610612754,82,45,37,0.549,3976.0,102.4,100.2,2.2,99.0,16.1,0.234,0.76,0.498,0.149,1,11,11,11,5,23,3,11,22,20,16,14,20,10,2015-16
10,New Orleans Pelicans,1610612740,82,30,52,0.366,3956.0,103.2,107.3,-4.1,98.9,16.8,0.212,0.788,0.49,0.135,1,25,25,25,23,16,28,26,16,24,4,24,4,11,2015-16
11,Portland Trail Blazers,1610612757,82,44,38,0.537,3961.0,106.1,105.6,0.6,98.3,16.0,0.259,0.762,0.51,0.148,1,12,12,12,19,7,20,13,23,3,13,10,17,12,2015-16
12,Chicago Bulls,1610612741,82,42,40,0.512,3981.0,102.1,103.9,-1.8,98.2,17.0,0.245,0.749,0.502,0.14,1,14,14,14,3,25,15,18,13,13,21,12,12,13,2015-16
13,Orlando Magic,1610612753,82,35,47,0.427,3981.0,102.6,104.6,-2.0,98.2,17.6,0.231,0.765,0.494,0.142,1,20,20,20,3,21,17,19,7,22,12,18,14,13,2015-16
14,Denver Nuggets,1610612743,82,33,49,0.402,3966.0,102.7,106.4,-3.7,98.2,16.9,0.258,0.773,0.511,0.148,1,21,21,21,11,20,24,25,15,5,10,9,18,13,2015-16
15,LA Clippers,1610612746,82,53,29,0.646,3966.0,106.5,100.9,5.5,98.0,17.4,0.201,0.738,0.474,0.132,1,6,6,6,11,6,6,5,9,28,28,29,3,16,2015-16
16,Los Angeles Lakers,1610612747,82,17,65,0.207,3946.0,98.6,109.3,-10.7,98.0,14.1,0.231,0.747,0.48,0.139,1,29,29,29,28,29,30,30,30,21,24,27,10,16,2015-16
17,Charlotte Hornets,1610612766,82,48,34,0.585,3971.0,105.1,101.8,3.3,97.8,16.7,0.2,0.798,0.496,0.127,1,7,7,7,9,9,9,8,18,29,1,16,1,18,2015-16
18,Minnesota Timberwolves,1610612750,82,29,53,0.354,3976.0,104.3,107.1,-2.8,97.6,17.6,0.243,0.747,0.498,0.153,1,26,26,26,5,11,27,20,6,14,23,15,23,19,2015-16
19,Detroit Pistons,1610612765,82,44,38,0.537,3976.0,103.3,103.4,-0.2,97.4,14.8,0.27,0.793,0.521,0.137,1,12,12,12,5,15,13,15,29,2,2,2,8,20,2015-16
20,Brooklyn Nets,1610612751,82,21,61,0.256,3951.0,100.9,108.5,-7.6,97.4,17.0,0.241,0.757,0.494,0.151,1,28,28,28,26,27,29,27,14,15,19,19,22,20,2015-16
21,Milwaukee Bucks,1610612749,82,33,49,0.402,3966.0,102.2,105.7,-3.5,96.6,17.6,0.249,0.731,0.492,0.157,1,21,21,21,11,24,22,24,8,11,29,21,25,22,2015-16
22,Dallas Mavericks,1610612742,82,42,40,0.512,4001.0,104.8,104.3,0.6,96.4,17.0,0.206,0.762,0.485,0.131,1,14,14,14,1,10,16,13,12,25,14,26,2,23,2015-16
23,New York Knicks,1610612752,82,32,50,0.39,3961.0,102.0,104.8,-2.8,95.8,16.0,0.237,0.758,0.501,0.139,1,24,24,24,19,26,18,20,24,18,18,13,11,24,2015-16
24,San Antonio Spurs,1610612759,82,67,15,0.817,3941.0,108.4,96.6,11.8,95.7,18.8,0.23,0.791,0.52,0.137,1,2,2,2,29,3,1,1,3,23,3,4,7,25,2015-16
25,Memphis Grizzlies,1610612763,82,42,40,0.512,3966.0,102.6,105.4,-2.9,95.7,16.0,0.253,0.751,0.491,0.138,1,14,14,14,11,22,19,22,25,8,20,23,9,25,2015-16
26,Miami Heat,1610612748,82,48,34,0.585,3966.0,104.2,101.5,2.6,95.7,16.3,0.238,0.778,0.517,0.147,1,7,7,7,11,12,7,10,20,17,6,6,16,25,2015-16
27,Cleveland Cavaliers,1610612739,82,57,25,0.695,3971.0,108.1,102.3,5.8,95.5,17.4,0.251,0.785,0.52,0.141,1,3,3,3,9,4,10,4,11,9,5,3,13,28,2015-16
28,Toronto Raptors,1610612761,82,56,26,0.683,3956.0,107.0,102.7,4.3,95.3,14.9,0.246,0.777,0.516,0.136,1,4,4,4,23,5,11,6,28,12,8,7,6,29,2015-16
29,Utah Jazz,1610612762,82,40,42,0.488,3991.0,103.1,101.6,1.6,93.3,15.1,0.259,0.777,0.519,0.158,1,19,19,19,2,17,8,12,27,4,7,5,26,30,2015-16
0,Brooklyn Nets,1610612751,82,20,62,0.244,3951.0,101.9,108.0,-6.1,103.6,15.9,0.196,0.761,0.482,0.159,1,30,30,30,25,28,23,28,26,28,18,28,29,1,2016-17
1,Phoenix Suns,1610612756,82,24,58,0.293,3966.0,103.9,109.3,-5.4,102.9,14.4,0.26,0.764,0.505,0.149,1,29,29,29,10,22,28,26,30,6,15,10,25,2,2016-17
2,Houston Rockets,1610612745,82,55,27,0.671,3956.0,111.8,106.4,5.4,102.5,18.1,0.246,0.758,0.502,0.147,1,3,3,3,18,2,18,3,5,10,21,14,22,3,2016-17
3,Golden State Warriors,1610612744,82,67,15,0.817,3956.0,113.2,101.1,12.1,102.2,21.2,0.228,0.749,0.505,0.144,1,1,1,1,18,1,2,1,1,18,29,9,20,4,2016-17
4,Philadelphia 76ers,1610612755,82,28,54,0.341,3966.0,100.7,106.4,-5.7,101.0,17.4,0.224,0.753,0.488,0.164,1,27,27,27,10,30,17,27,10,19,28,23,30,5,2016-17
5,Los Angeles Lakers,1610612747,82,26,56,0.317,3941.0,103.4,110.6,-7.2,100.8,15.6,0.25,0.758,0.495,0.15,1,28,28,28,30,24,30,30,27,7,23,21,27,6,2016-17
6,Denver Nuggets,1610612743,82,40,42,0.488,3951.0,110.0,110.5,-0.5,100.7,18.2,0.273,0.787,0.532,0.147,1,18,18,18,25,5,29,18,4,2,5,2,23,7,2016-17
7,Oklahoma City Thunder,1610612760,82,47,35,0.573,3961.0,105.0,105.1,-0.2,100.5,15.5,0.279,0.79,0.534,0.148,1,10,10,10,13,17,10,17,28,1,3,1,24,8,2016-17
8,New Orleans Pelicans,1610612740,82,34,48,0.415,3981.0,103.3,104.9,-1.6,100.1,17.1,0.185,0.768,0.475,0.127,1,21,21,21,2,26,9,21,16,29,13,29,4,9,2016-17
9,Atlanta Hawks,1610612737,82,43,39,0.524,3976.0,102.3,103.1,-0.8,99.8,17.4,0.236,0.761,0.503,0.157,1,11,11,11,4,27,4,19,11,15,19,13,28,10,2016-17
10,Washington Wizards,1610612764,82,49,33,0.598,3971.0,108.5,106.9,1.6,99.7,17.6,0.241,0.755,0.499,0.141,1,9,9,9,7,9,20,9,8,13,24,17,17,11,2016-17
11,Boston Celtics,1610612738,82,53,29,0.646,3951.0,108.6,105.5,3.1,99.3,18.8,0.212,0.753,0.485,0.133,1,4,4,4,25,8,12,7,2,25,27,27,8,12,2016-17
12,Orlando Magic,1610612753,82,29,53,0.354,3961.0,101.2,108.0,-6.8,99.1,16.8,0.216,0.774,0.487,0.133,1,26,26,26,13,29,24,29,19,21,9,26,7,13,2016-17
13,Portland Trail Blazers,1610612757,82,41,41,0.5,3986.0,107.8,107.8,0.0,99.1,16.0,0.23,0.768,0.498,0.137,1,15,15,15,1,11,21,15,25,17,12,18,11,13,2016-17
14,New York Knicks,1610612752,82,31,51,0.378,3971.0,104.7,108.7,-4.1,98.6,16.3,0.266,0.741,0.503,0.139,1,24,24,24,7,18,25,24,22,5,30,12,16,15,2016-17
15,Cleveland Cavaliers,1610612739,82,51,31,0.622,3976.0,110.9,108.0,2.9,98.4,17.1,0.219,0.758,0.497,0.137,1,5,5,5,4,3,22,8,15,20,22,19,12,16,2016-17
16,LA Clippers,1610612746,82,51,31,0.622,3951.0,110.3,105.8,4.5,98.2,17.2,0.215,0.769,0.499,0.131,1,5,5,5,25,4,13,6,13,23,10,16,6,17,2016-17
17,Indiana Pacers,1610612754,82,42,40,0.512,3971.0,106.2,106.3,-0.1,98.1,17.2,0.212,0.755,0.487,0.139,1,13,13,13,7,15,16,16,14,24,25,25,15,18,2016-17
18,Charlotte Hornets,1610612766,82,36,46,0.439,3966.0,106.4,106.1,0.3,97.8,17.6,0.199,0.796,0.495,0.117,1,20,20,20,10,14,14,12,9,27,2,20,1,19,2016-17
19,Chicago Bulls,1610612741,82,41,41,0.5,3956.0,104.6,104.5,0.1,97.7,16.8,0.27,0.768,0.517,0.138,1,15,15,15,18,21,6,13,17,4,11,4,13,20,2016-17
20,Miami Heat,1610612748,82,41,41,0.5,3956.0,105.2,104.1,1.0,97.6,16.3,0.242,0.764,0.5,0.137,1,15,15,15,18,16,5,10,21,11,14,15,10,21,2016-17
21,Detroit Pistons,1610612765,82,37,45,0.451,3961.0,103.3,105.3,-2.0,97.1,16.1,0.241,0.812,0.516,0.121,1,19,19,19,13,25,11,22,24,12,1,5,2,22,2016-17
22,Toronto Raptors,1610612761,82,51,31,0.622,3956.0,109.8,104.9,4.9,97.1,14.5,0.25,0.763,0.507,0.13,1,5,5,5,18,6,8,4,29,8,16,8,5,22,2016-17
23,Minnesota Timberwolves,1610612750,82,31,51,0.378,3961.0,108.1,109.1,-1.0,97.1,17.7,0.272,0.759,0.512,0.144,1,24,24,24,13,10,26,20,7,3,20,7,18,22,2016-17
24,Sacramento Kings,1610612758,82,32,50,0.39,3976.0,104.6,109.1,-4.5,97.1,17.3,0.21,0.763,0.489,0.149,1,23,23,23,4,20,27,25,12,26,17,22,26,22,2016-17
25,Milwaukee Bucks,1610612749,82,42,40,0.512,3956.0,106.9,106.4,0.5,96.7,18.5,0.215,0.754,0.488,0.144,1,13,13,13,18,13,19,11,3,22,26,24,19,26,2016-17
26,San Antonio Spurs,1610612759,82,61,21,0.744,3961.0,108.8,100.9,7.9,96.4,18.1,0.24,0.776,0.514,0.139,1,2,2,2,13,7,1,2,6,14,6,6,14,27,2016-17
27,Memphis Grizzlies,1610612763,82,43,39,0.524,3981.0,104.7,104.5,0.1,94.7,16.5,0.248,0.775,0.504,0.135,1,11,11,11,2,19,7,13,20,9,8,11,9,28,2016-17
28,Dallas Mavericks,1610612742,82,33,49,0.402,3956.0,103.7,106.3,-2.6,94.2,16.8,0.181,0.776,0.464,0.126,1,22,22,22,18,23,15,23,18,30,7,30,3,29,2016-17
29,Utah Jazz,1610612762,82,51,31,0.622,3951.0,107.4,102.7,4.7,93.6,16.2,0.232,0.789,0.518,0.145,1,5,5,5,25,12,3,5,23,16,4,3,21,30,2016-17
0,New Orleans Pelicans,1610612740,82,48,34,0.585,3991.0,107.7,105.6,2.1,102.7,19.0,0.2,0.767,0.494,0.144,1,8,8,8,1,9,14,10,3,28,20,21,16,1,2017-18
1,Los Angeles Lakers,1610612747,82,35,47,0.427,3981.0,104.2,105.6,-1.4,102.6,17.0,0.236,0.777,0.509,0.152,1,21,21,21,3,22,13,21,19,7,12,9,25,2,2017-18
2,Phoenix Suns,1610612756,82,21,61,0.256,3941.0,100.8,110.6,-9.7,102.6,15.6,0.225,0.765,0.49,0.153,1,30,30,30,27,30,30,30,29,14,23,23,26,2,2017-18
3,Philadelphia 76ers,1610612755,82,52,30,0.634,3956.0,107.4,102.0,5.4,102.2,19.1,0.253,0.786,0.529,0.161,1,5,5,5,16,11,3,4,2,3,9,1,30,4,2017-18
4,Golden State Warriors,1610612744,82,58,24,0.707,3946.0,112.3,104.2,8.1,101.8,20.9,0.211,0.763,0.506,0.153,1,3,3,3,23,1,9,2,1,23,25,11,27,5,2017-18
5,LA Clippers,1610612746,82,42,40,0.512,3941.0,107.7,107.7,0.0,101.1,16.5,0.235,0.761,0.501,0.145,1,18,18,18,27,8,19,18,25,8,28,16,18,6,2017-18
6,Brooklyn Nets,1610612751,82,28,54,0.341,3971.0,104.3,108.5,-4.2,101.1,17.3,0.21,0.77,0.487,0.149,1,23,23,23,5,21,25,23,12,24,19,25,22,6,2017-18
7,Atlanta Hawks,1610612737,82,24,58,0.293,3941.0,102.4,108.2,-5.8,100.6,17.6,0.211,0.762,0.487,0.154,1,27,27,27,27,26,21,26,8,22,27,26,29,8,2017-18
8,Charlotte Hornets,1610612766,82,36,46,0.439,3956.0,107.0,107.0,0.0,100.5,16.1,0.222,0.807,0.51,0.125,1,20,20,20,16,13,16,18,27,16,1,5,2,9,2017-18
9,Chicago Bulls,1610612741,82,27,55,0.329,3971.0,101.3,109.1,-7.8,100.3,17.3,0.206,0.806,0.494,0.138,1,24,24,24,5,28,28,28,14,25,2,20,10,10,2017-18
10,Orlando Magic,1610612753,82,25,57,0.305,3946.0,102.8,107.7,-4.9,100.3,17.5,0.2,0.756,0.476,0.144,1,26,26,26,23,25,20,25,10,29,30,29,17,10,2017-18
11,Cleveland Cavaliers,1610612739,82,50,32,0.61,3946.0,110.6,109.5,1.0,100.1,17.5,0.201,0.773,0.491,0.137,1,6,6,6,23,5,29,13,9,27,17,22,9,12,2017-18
12,Toronto Raptors,1610612761,82,59,23,0.72,3966.0,111.0,103.4,7.6,99.8,17.9,0.23,0.777,0.509,0.133,1,2,2,2,8,3,5,3,6,11,13,8,4,13,2017-18
13,Houston Rockets,1610612745,82,65,17,0.793,3951.0,112.2,103.8,8.5,99.7,16.4,0.213,0.799,0.508,0.138,1,1,1,1,18,2,6,1,26,21,3,10,11,14,2017-18
14,Oklahoma City Thunder,1610612760,82,48,34,0.585,3966.0,107.6,104.7,2.9,99.2,15.8,0.277,0.774,0.517,0.14,1,8,8,8,8,10,10,8,28,1,16,3,12,15,2017-18
15,New York Knicks,1610612752,82,29,53,0.354,3966.0,104.1,108.4,-4.3,99.2,17.2,0.241,0.767,0.505,0.147,1,22,22,22,8,24,23,24,15,5,21,12,21,15,2017-18
16,Denver Nuggets,1610612743,82,46,36,0.561,3976.0,109.6,108.8,0.8,99.1,18.2,0.257,0.775,0.517,0.149,1,14,14,14,4,6,26,14,5,2,15,2,23,17,2017-18
17,Washington Wizards,1610612764,82,43,39,0.524,3971.0,106.9,106.2,0.7,98.9,18.4,0.235,0.771,0.503,0.146,1,17,17,17,5,14,15,15,4,9,18,13,20,18,2017-18
18,Portland Trail Blazers,1610612757,82,49,33,0.598,3951.0,106.1,104.2,1.9,98.8,15.0,0.233,0.791,0.514,0.136,1,7,7,7,18,16,8,11,30,10,5,4,8,19,2017-18
19,Milwaukee Bucks,1610612749,82,44,38,0.537,3966.0,107.8,107.1,0.7,98.5,17.7,0.204,0.759,0.483,0.14,1,15,15,15,8,7,17,15,7,26,29,28,13,20,2017-18
20,Detroit Pistons,1610612765,82,39,43,0.476,3961.0,104.9,104.8,0.0,98.4,17.1,0.227,0.785,0.5,0.136,1,19,19,19,12,19,11,18,18,13,10,18,7,21,2017-18
21,Minnesota Timberwolves,1610612750,82,47,35,0.573,3961.0,110.8,108.4,2.4,98.3,17.0,0.244,0.764,0.501,0.126,1,12,12,12,12,4,22,9,20,4,24,17,3,22,2017-18
22,Indiana Pacers,1610612754,82,48,34,0.585,3951.0,107.2,105.6,1.6,98.2,16.8,0.227,0.762,0.496,0.135,1,8,8,8,18,12,12,12,22,12,26,19,5,23,2017-18
23,Boston Celtics,1610612738,82,55,27,0.671,3961.0,105.3,101.5,3.7,98.2,17.0,0.215,0.784,0.503,0.142,1,4,4,4,12,18,1,6,21,18,11,14,15,23,2017-18
24,Miami Heat,1610612748,82,44,38,0.537,3986.0,104.5,104.0,0.5,97.8,17.1,0.215,0.79,0.502,0.145,1,15,15,15,2,20,7,17,16,19,6,15,19,25,2017-18
25,Utah Jazz,1610612762,82,48,34,0.585,3951.0,106.2,101.6,4.6,97.8,17.1,0.215,0.798,0.51,0.15,1,8,8,8,18,15,2,5,17,17,4,7,24,25,2017-18
26,Dallas Mavericks,1610612742,82,24,58,0.293,3961.0,104.1,107.4,-3.3,97.5,17.3,0.18,0.789,0.474,0.125,1,27,27,27,12,23,18,22,11,30,7,30,1,27,2017-18
27,Memphis Grizzlies,1610612763,82,22,60,0.268,3941.0,101.8,108.4,-6.6,97.3,16.6,0.224,0.765,0.488,0.153,1,29,29,29,27,27,24,27,24,15,22,24,28,28,2017-18
28,San Antonio Spurs,1610612759,82,47,35,0.573,3946.0,105.5,102.4,3.1,97.2,17.3,0.237,0.786,0.51,0.135,1,12,12,12,23,17,4,7,13,6,8,6,6,29,2017-18
29,Sacramento Kings,1610612758,82,27,55,0.329,3951.0,101.1,109.0,-7.9,97.1,16.6,0.214,0.776,0.483,0.14,1,24,24,24,18,29,27,29,23,20,14,27,14,30,2017-18
0,Atlanta Hawks,1610612737,82,29,53,0.354,3971.0,105.5,111.2,-5.7,106.4,17.7,0.247,0.764,0.5,0.159,1,26,26,26,7,23,27,26,16,6,20,16,30,1,2018-19
1,New Orleans Pelicans,1610612740,82,33,49,0.402,3951.0,108.6,110.4,-1.8,105.6,18.6,0.241,0.768,0.508,0.139,1,22,22,22,24,12,24,20,7,9,19,9,22,2,2018-19
2,Sacramento Kings,1610612758,82,39,43,0.476,3946.0,108.3,108.7,-0.4,105.5,17.7,0.231,0.755,0.486,0.127,1,17,17,17,27,16,20,16,15,12,26,24,5,3,2018-19
3,Los Angeles Lakers,1610612747,82,37,45,0.451,3956.0,105.2,107.3,-2.1,105.5,17.8,0.222,0.764,0.499,0.147,1,20,20,20,18,24,15,23,14,17,22,18,28,3,2018-19
4,Milwaukee Bucks,1610612749,82,60,22,0.732,3956.0,111.5,103.0,8.5,105.4,18.3,0.208,0.803,0.523,0.131,1,1,1,1,18,3,1,1,10,27,1,3,6,5,2018-19
5,Oklahoma City Thunder,1610612760,82,49,33,0.598,3971.0,107.6,104.7,2.9,105.3,16.3,0.26,0.782,0.513,0.131,1,9,9,9,7,17,5,11,27,3,7,6,8,6,2018-19
6,LA Clippers,1610612746,82,48,34,0.585,3966.0,109.7,109.0,0.7,104.1,17.1,0.22,0.76,0.499,0.139,1,11,11,11,11,10,21,14,20,19,25,17,20,7,2018-19
7,Philadelphia 76ers,1610612755,82,51,31,0.622,3961.0,110.4,107.1,3.3,104.0,18.7,0.245,0.786,0.523,0.143,1,7,7,7,15,7,14,7,5,8,6,2,24,8,2018-19
8,Washington Wizards,1610612764,82,32,50,0.39,3986.0,108.6,111.3,-2.7,103.7,18.4,0.213,0.741,0.473,0.134,1,25,25,25,2,13,28,25,9,25,29,29,11,9,2018-19
9,Brooklyn Nets,1610612751,82,42,40,0.512,3996.0,106.9,107.0,-0.1,103.4,16.9,0.238,0.764,0.502,0.144,1,14,14,14,1,19,13,15,23,10,21,15,25,10,2018-19
10,Golden State Warriors,1610612744,82,57,25,0.695,3961.0,113.9,106.5,7.5,103.2,20.4,0.225,0.771,0.51,0.138,1,3,3,3,15,1,10,2,1,16,14,8,18,11,2018-19
11,Phoenix Suns,1610612756,82,19,63,0.232,3976.0,103.6,112.2,-8.6,102.9,17.3,0.205,0.725,0.461,0.15,1,28,28,28,4,28,29,28,19,28,30,30,29,12,2018-19
12,Minnesota Timberwolves,1610612750,82,36,46,0.439,3966.0,108.4,110.2,-1.9,102.8,17.4,0.246,0.749,0.495,0.126,1,21,21,21,11,14,23,22,18,7,27,20,4,13,2018-19
13,Toronto Raptors,1610612761,82,58,24,0.707,3976.0,110.9,104.3,6.5,102.5,18.2,0.219,0.771,0.502,0.136,1,2,2,2,4,6,4,3,11,22,15,14,14,14,2018-19
14,Utah Jazz,1610612762,82,50,32,0.61,3951.0,108.8,103.2,5.5,102.5,18.5,0.229,0.803,0.521,0.147,1,8,8,8,24,11,2,4,8,13,2,5,27,14,2018-19
15,Boston Celtics,1610612738,82,49,33,0.598,3956.0,110.1,104.9,5.1,102.0,18.8,0.216,0.77,0.493,0.126,1,9,9,9,18,8,6,5,4,24,18,21,3,16,2018-19
16,New York Knicks,1610612752,82,17,65,0.207,3956.0,102.1,110.9,-8.8,102.0,14.9,0.221,0.761,0.485,0.137,1,30,30,30,18,30,25,29,30,18,24,25,16,16,2018-19
17,Portland Trail Blazers,1610612757,82,53,29,0.646,3971.0,111.4,108.1,3.3,101.6,16.6,0.266,0.779,0.528,0.135,1,5,5,5,7,4,17,7,24,1,9,1,12,18,2018-19
18,Dallas Mavericks,1610612742,82,33,49,0.402,3956.0,106.6,108.3,-1.7,101.4,17.0,0.227,0.775,0.503,0.139,1,22,22,22,18,20,19,19,21,15,12,13,21,19,2018-19
19,Charlotte Hornets,1610612766,82,39,43,0.476,3966.0,108.3,110.2,-1.8,101.1,17.0,0.217,0.771,0.489,0.119,1,17,17,17,11,15,22,20,22,23,16,23,1,20,2018-19
20,Chicago Bulls,1610612741,82,22,60,0.268,3981.0,102.5,110.9,-8.4,101.1,16.3,0.194,0.773,0.48,0.138,1,27,27,27,3,29,26,27,26,30,13,28,19,20,2018-19
21,Miami Heat,1610612748,82,39,43,0.476,3946.0,104.6,105.1,-0.6,100.7,17.6,0.248,0.776,0.512,0.146,1,17,17,17,27,26,7,17,17,5,10,7,26,22,2018-19
22,San Antonio Spurs,1610612759,82,48,34,0.585,3961.0,111.1,108.3,2.8,100.4,18.1,0.21,0.794,0.505,0.12,1,11,11,11,15,5,18,12,12,26,4,11,2,23,2018-19
23,Houston Rockets,1610612745,82,53,29,0.646,3966.0,112.5,107.9,4.6,100.4,15.9,0.228,0.744,0.481,0.132,1,5,5,5,11,2,16,6,28,14,28,27,9,23,2018-19
24,Indiana Pacers,1610612754,82,48,34,0.585,3941.0,107.3,104.2,3.1,100.4,18.9,0.219,0.762,0.496,0.136,1,11,11,11,30,18,3,9,3,21,23,19,15,23,2018-19
25,Orlando Magic,1610612753,82,42,40,0.512,3956.0,106.5,105.8,0.8,100.3,18.6,0.22,0.797,0.504,0.131,1,14,14,14,18,21,8,13,6,20,3,12,7,26,2018-19
26,Denver Nuggets,1610612743,82,54,28,0.659,3946.0,109.8,106.8,3.0,100.1,19.3,0.266,0.78,0.522,0.133,1,4,4,4,27,9,11,10,2,2,8,4,10,27,2018-19
27,Detroit Pistons,1610612765,82,41,41,0.5,3971.0,106.1,106.9,-0.7,99.7,16.5,0.248,0.787,0.507,0.137,1,16,16,16,7,22,12,18,25,4,5,10,17,28,2018-19
28,Cleveland Cavaliers,1610612739,82,19,63,0.232,3951.0,105.0,115.1,-10.1,98.9,15.6,0.237,0.77,0.492,0.136,1,28,28,28,24,25,30,30,29,11,17,22,13,29,2018-19
29,Memphis Grizzlies,1610612763,82,33,49,0.402,3976.0,103.8,106.2,-2.4,98.8,17.9,0.2,0.776,0.483,0.14,1,22,22,22,4,27,9,24,13,29,11,26,23,30,2018-19
0,Milwaukee Bucks,1610612749,73,56,17,0.767,3519.0,110.5,100.6,9.9,107.2,18.0,0.207,0.816,0.53,0.141,3,1,1,1,6,4,1,1,11,26,1,1,13,1,2019-20
1,Houston Rockets,1610612745,72,44,28,0.611,3476.0,110.3,107.4,2.9,106.3,15.5,0.21,0.756,0.48,0.137,11,8,7,8,16,7,13,7,29,25,25,26,10,2,2019-20
2,New Orleans Pelicans,1610612740,72,30,42,0.417,3486.0,108.0,109.4,-1.4,106.3,18.4,0.242,0.778,0.509,0.153,11,21,21,21,13,17,18,20,7,5,11,11,29,2,2019-20
3,Minnesota Timberwolves,1610612750,64,19,45,0.297,3112.0,105.3,110.0,-4.7,105.9,16.7,0.221,0.772,0.486,0.142,30,28,24,28,30,24,21,25,26,19,18,23,17,4,2019-20
4,Atlanta Hawks,1610612737,67,20,47,0.299,3256.0,104.3,112.3,-8.0,105.6,16.9,0.216,0.749,0.479,0.151,23,26,28,27,23,26,28,28,22,21,29,28,28,5,2019-20
5,Memphis Grizzlies,1610612763,73,34,39,0.466,3514.0,106.9,107.5,-0.6,105.3,18.7,0.23,0.778,0.509,0.145,3,16,15,16,9,20,14,16,5,12,13,10,20,6,2019-20
6,Washington Wizards,1610612764,72,25,47,0.347,3471.0,108.2,112.7,-4.5,105.2,17.6,0.222,0.753,0.477,0.134,11,22,28,23,19,16,29,24,16,18,28,30,6,7,2019-20
7,Brooklyn Nets,1610612751,72,35,37,0.486,3496.0,106.0,107.1,-1.1,104.0,17.3,0.232,0.778,0.511,0.145,11,14,14,14,11,23,9,19,19,10,12,8,21,8,2019-20
8,LA Clippers,1610612746,72,49,23,0.681,3476.0,111.1,105.3,5.7,103.9,16.9,0.235,0.776,0.513,0.139,11,4,4,4,16,3,6,5,20,9,15,5,11,9,2019-20
9,Phoenix Suns,1610612756,73,34,39,0.466,3519.0,109.7,108.4,1.4,103.7,19.2,0.222,0.788,0.501,0.142,3,16,15,16,6,11,16,14,1,17,8,15,16,10,2019-20
10,Toronto Raptors,1610612761,72,53,19,0.736,3476.0,109.0,102.0,7.0,103.3,18.1,0.213,0.767,0.496,0.143,11,2,2,2,16,14,2,2,9,24,22,18,18,11,2019-20
11,Los Angeles Lakers,1610612747,71,52,19,0.732,3418.0,109.6,103.8,5.8,103.3,18.0,0.245,0.788,0.52,0.147,21,3,2,3,22,12,3,4,10,4,7,3,23,11,2019-20
12,Portland Trail Blazers,1610612757,74,35,39,0.473,3567.0,111.1,111.8,-0.7,103.2,15.2,0.224,0.753,0.491,0.124,2,14,15,15,2,2,27,17,30,15,27,20,3,13,2019-20
13,Golden State Warriors,1610612744,65,15,50,0.231,3145.0,102.9,110.9,-8.0,102.7,18.2,0.215,0.764,0.48,0.144,26,30,30,30,27,30,26,28,8,23,23,27,19,14,2019-20
14,San Antonio Spurs,1610612759,71,32,39,0.451,3443.0,110.4,110.9,-0.5,102.6,17.9,0.201,0.792,0.496,0.122,21,19,15,19,21,6,25,15,12,28,4,17,1,15,2019-20
15,Boston Celtics,1610612738,72,48,24,0.667,3486.0,110.4,104.5,6.0,101.9,16.7,0.239,0.774,0.51,0.134,11,5,5,5,13,5,4,3,25,8,17,9,7,16,2019-20
16,Chicago Bulls,1610612741,65,22,43,0.338,3135.0,104.1,107.7,-3.6,101.9,16.9,0.228,0.756,0.479,0.151,26,24,23,24,29,27,15,22,21,13,26,29,26,16,2019-20
17,Dallas Mavericks,1610612742,75,43,32,0.573,3635.0,113.7,109.5,4.2,101.7,17.7,0.232,0.777,0.508,0.123,1,12,13,13,1,1,19,6,14,11,14,13,2,18,2019-20
18,Indiana Pacers,1610612754,73,45,28,0.616,3524.0,107.9,105.1,2.9,101.3,18.9,0.2,0.767,0.486,0.131,3,7,7,7,5,18,5,7,3,29,21,24,5,19,2019-20
19,Philadelphia 76ers,1610612755,73,43,30,0.589,3519.0,109.1,106.3,2.8,101.3,18.5,0.239,0.803,0.521,0.14,3,12,12,12,6,13,7,9,6,6,2,2,12,19,2019-20
20,Sacramento Kings,1610612758,72,31,41,0.431,3491.0,107.8,109.6,-1.8,101.2,17.4,0.219,0.784,0.495,0.142,11,20,20,20,12,19,20,21,18,20,9,19,15,21,2019-20
21,Oklahoma City Thunder,1610612760,72,44,28,0.611,3486.0,108.4,106.3,2.1,101.1,16.3,0.193,0.768,0.489,0.134,11,8,7,8,13,15,8,12,27,30,20,22,8,22,2019-20
22,Orlando Magic,1610612753,73,33,40,0.452,3514.0,106.1,107.1,-1.0,100.9,17.5,0.223,0.791,0.498,0.127,3,18,19,18,9,22,10,18,17,16,5,16,4,23,2019-20
23,New York Knicks,1610612752,66,21,45,0.318,3193.0,103.8,110.6,-6.8,100.9,16.0,0.258,0.783,0.513,0.141,24,25,24,25,24,29,23,26,28,1,10,4,14,23,2019-20
24,Cleveland Cavaliers,1610612739,65,19,46,0.292,3145.0,104.4,113.6,-9.2,100.9,16.8,0.246,0.774,0.508,0.161,26,28,26,29,27,25,30,30,23,3,16,14,30,23,2019-20
25,Utah Jazz,1610612762,72,44,28,0.611,3471.0,110.0,107.4,2.6,100.8,16.8,0.216,0.789,0.513,0.149,11,8,7,8,19,9,12,11,24,22,6,6,25,26,2019-20
26,Miami Heat,1610612748,73,44,29,0.603,3549.0,110.0,107.2,2.8,100.5,18.8,0.203,0.795,0.511,0.146,3,8,11,11,3,10,11,9,4,27,3,7,22,27,2019-20
27,Detroit Pistons,1610612765,66,20,46,0.303,3193.0,106.1,110.4,-4.3,99.9,17.7,0.226,0.759,0.489,0.151,24,26,26,26,24,21,22,23,13,14,24,21,27,28,2019-20
28,Denver Nuggets,1610612743,73,46,27,0.63,3549.0,110.1,108.6,1.5,99.5,19.1,0.248,0.768,0.509,0.136,3,6,6,6,3,8,17,13,2,2,19,12,9,29,2019-20
29,Charlotte Hornets,1610612766,65,23,42,0.354,3150.0,103.9,110.6,-6.8,98.1,17.7,0.239,0.744,0.482,0.147,26,23,21,22,26,28,24,26,15,7,30,25,24,30,2019-20
0,Washington Wizards,1610612764,72,34,38,0.472,3481.0,108.9,110.5,-1.7,106.4,17.8,0.213,0.776,0.495,0.134,1,17,17,17,11,18,18,21,17,21,18,17,16,1,2020-21
1,Milwaukee Bucks,1610612749,72,46,26,0.639,3466.0,114.7,109.1,5.5,104.4,18.0,0.233,0.797,0.526,0.132,1,7,7,7,22,6,10,6,13,9,3,3,12,2,2020-21
2,Golden State Warriors,1610612744,72,39,33,0.542,3461.0,108.8,107.7,1.1,104.4,19.6,0.179,0.766,0.476,0.144,1,14,14,14,24,19,5,14,2,30,25,28,24,2,2020-21
3,Minnesota Timberwolves,1610612750,72,23,49,0.319,3481.0,107.0,112.1,-5.2,104.1,18.0,0.227,0.768,0.487,0.136,1,25,25,25,11,25,27,26,14,13,24,24,17,4,2020-21
4,Indiana Pacers,1610612754,72,34,38,0.472,3491.0,109.9,109.6,0.3,104.0,19.2,0.202,0.749,0.477,0.129,1,17,17,17,4,14,11,17,6,26,30,27,7,5,2020-21
5,Houston Rockets,1610612745,72,17,55,0.236,3461.0,104.9,112.4,-7.5,103.6,17.2,0.198,0.771,0.472,0.142,1,30,30,30,24,27,28,27,25,28,22,30,22,6,2020-21
6,Oklahoma City Thunder,1610612760,72,22,50,0.306,3471.0,101.3,111.9,-10.5,103.1,16.1,0.212,0.779,0.492,0.156,1,26,26,26,19,30,24,30,29,22,14,20,30,7,2020-21
7,Memphis Grizzlies,1610612763,72,38,34,0.528,3481.0,109.7,108.5,1.2,102.6,18.9,0.242,0.783,0.51,0.129,1,15,15,15,11,15,6,13,9,6,10,11,6,8,2020-21
8,New Orleans Pelicans,1610612740,72,31,41,0.431,3486.0,110.8,111.6,-0.7,102.3,18.3,0.263,0.8,0.531,0.141,1,21,21,21,6,13,23,19,11,1,2,1,21,9,2020-21
9,Sacramento Kings,1610612758,72,31,41,0.431,3461.0,111.1,114.6,-3.5,102.2,18.4,0.213,0.75,0.478,0.131,1,21,21,21,24,10,30,24,10,20,29,26,9,10,2020-21
10,Brooklyn Nets,1610612751,72,48,24,0.667,3481.0,116.3,110.6,5.7,101.8,19.3,0.214,0.773,0.508,0.133,1,4,4,4,11,1,21,4,5,19,21,12,13,11,2020-21
11,Philadelphia 76ers,1610612755,72,49,23,0.681,3486.0,110.8,105.1,5.7,101.8,17.2,0.232,0.782,0.512,0.141,1,3,3,3,6,12,2,4,24,10,11,9,20,11,2020-21
12,Toronto Raptors,1610612761,72,27,45,0.375,3461.0,109.3,109.8,-0.5,101.6,17.7,0.208,0.763,0.476,0.13,1,24,24,24,24,16,12,18,19,24,27,29,8,13,2020-21
13,Chicago Bulls,1610612741,72,31,41,0.431,3476.0,108.7,109.9,-1.2,101.1,19.2,0.223,0.803,0.516,0.149,1,21,21,21,16,20,13,20,8,15,1,7,27,14,2020-21
14,San Antonio Spurs,1610612759,72,33,39,0.458,3496.0,108.6,110.7,-2.1,101.0,17.9,0.2,0.773,0.481,0.111,1,19,19,19,1,21,22,22,16,27,20,25,2,15,2020-21
15,Portland Trail Blazers,1610612757,72,42,30,0.583,3461.0,114.9,113.4,1.5,100.8,15.9,0.23,0.775,0.495,0.11,1,8,8,8,24,5,29,12,30,11,19,16,1,16,2020-21
16,Orlando Magic,1610612753,72,21,51,0.292,3466.0,102.9,112.1,-9.2,100.8,16.3,0.216,0.782,0.49,0.127,1,28,28,28,22,29,25,29,28,18,12,23,5,16,2020-21
17,Utah Jazz,1610612762,72,52,20,0.722,3471.0,115.1,105.7,9.4,100.8,17.3,0.245,0.793,0.531,0.14,1,1,1,1,19,3,3,1,22,3,5,2,19,16,2020-21
18,Los Angeles Lakers,1610612747,72,42,30,0.583,3491.0,107.5,104.8,2.7,100.8,18.0,0.225,0.797,0.513,0.149,1,8,8,8,4,24,1,8,15,14,4,8,28,16,2020-21
19,Boston Celtics,1610612738,72,36,36,0.5,3476.0,111.0,110.0,0.9,100.7,17.1,0.243,0.781,0.51,0.139,1,16,16,16,16,11,15,15,26,5,13,10,18,20,2020-21
20,Charlotte Hornets,1610612766,72,33,39,0.458,3471.0,108.1,110.6,-2.5,100.6,19.2,0.235,0.757,0.492,0.147,1,19,19,19,19,23,20,23,7,8,28,19,25,21,2020-21
21,Detroit Pistons,1610612765,72,20,52,0.278,3486.0,105.4,110.3,-4.9,100.1,17.8,0.219,0.769,0.491,0.148,1,29,29,29,6,26,16,25,18,17,23,22,26,22,2020-21
22,Atlanta Hawks,1610612737,72,41,31,0.569,3481.0,113.0,110.6,2.5,99.9,17.6,0.244,0.778,0.517,0.132,1,11,11,11,11,8,19,9,20,4,16,6,11,23,2020-21
23,Cleveland Cavaliers,1610612739,72,22,50,0.306,3486.0,103.1,112.1,-8.9,99.6,17.5,0.236,0.766,0.494,0.154,1,26,26,26,6,28,26,28,21,7,26,18,29,24,2020-21
24,Dallas Mavericks,1610612742,72,42,30,0.583,3461.0,112.9,110.4,2.5,99.5,17.2,0.211,0.778,0.496,0.121,1,8,8,8,24,9,17,9,23,23,17,15,3,25,2020-21
25,Phoenix Suns,1610612756,72,51,21,0.708,3496.0,114.9,108.8,6.1,99.3,19.6,0.208,0.785,0.501,0.125,1,2,2,2,1,4,9,3,1,25,9,14,4,26,2020-21
26,Denver Nuggets,1610612743,72,47,25,0.653,3496.0,114.2,110.0,4.2,99.3,19.3,0.247,0.789,0.519,0.134,1,5,5,5,1,7,14,7,4,2,7,4,15,26,2020-21
27,LA Clippers,1610612746,72,47,25,0.653,3456.0,115.2,108.7,6.6,99.1,18.1,0.227,0.791,0.517,0.133,1,5,5,5,30,2,8,2,12,12,6,5,14,28,2020-21
28,Miami Heat,1610612748,72,40,32,0.556,3476.0,109.1,108.5,0.6,98.7,19.5,0.194,0.779,0.492,0.142,1,13,13,13,16,17,7,16,3,29,15,21,23,29,2020-21
29,New York Knicks,1610612752,72,41,31,0.569,3486.0,108.2,105.7,2.5,98.2,16.3,0.219,0.786,0.506,0.131,1,11,11,11,6,22,4,9,27,16,8,13,10,30,2020-21
0,Minnesota Timberwolves,1610612750,82,46,36,0.561,3956.0,111.3,109.1,2.1,103.5,18.1,0.244,0.749,0.49,0.138,1,12,12,12,13,9,13,11,12,7,27,20,16,1,2021-22
1,Houston Rockets,1610612745,82,20,62,0.244,3951.0,105.4,114.4,-9.0,103.3,17.1,0.217,0.744,0.479,0.158,1,30,30,30,19,27,30,30,25,22,29,30,30,2,2021-22
2,Memphis Grizzlies,1610612763,82,56,26,0.683,3956.0,111.6,106.2,5.4,103.1,17.9,0.3,0.778,0.533,0.127,1,2,2,2,13,8,4,5,15,1,10,1,6,3,2021-22
3,San Antonio Spurs,1610612759,82,34,48,0.415,3961.0,109.4,110.0,-0.6,102.4,19.5,0.237,0.751,0.492,0.123,1,22,22,22,8,17,16,20,4,11,26,19,2,4,2021-22
4,Charlotte Hornets,1610612766,82,43,39,0.524,3976.0,111.7,111.0,0.7,102.3,19.6,0.233,0.748,0.487,0.128,1,16,16,16,3,7,22,16,2,14,28,23,9,5,2021-22
5,Los Angeles Lakers,1610612747,82,33,49,0.402,3996.0,107.9,110.9,-3.0,102.3,17.3,0.211,0.758,0.486,0.14,1,23,23,23,1,23,21,23,22,25,22,24,20,5,2021-22
6,Milwaukee Bucks,1610612749,82,51,31,0.622,3951.0,112.5,109.4,3.1,102.2,17.3,0.23,0.786,0.514,0.131,1,6,6,6,19,4,14,8,21,15,3,5,10,7,2021-22
7,Sacramento Kings,1610612758,82,30,52,0.366,3961.0,107.2,112.9,-5.7,102.1,17.3,0.213,0.76,0.484,0.137,1,24,24,24,8,25,27,25,23,23,21,27,15,8,2021-22
8,Phoenix Suns,1610612756,82,64,18,0.78,3946.0,112.5,104.7,7.8,102.0,19.5,0.223,0.771,0.505,0.127,1,1,1,1,24,3,3,2,5,19,13,12,5,9,2021-22
9,Brooklyn Nets,1610612751,82,44,38,0.537,3951.0,111.0,109.6,1.3,101.6,18.3,0.239,0.751,0.502,0.138,1,14,14,14,19,13,15,15,9,10,25,14,18,10,2021-22
10,Orlando Magic,1610612753,82,22,60,0.268,3956.0,101.8,110.3,-8.5,101.5,17.4,0.198,0.772,0.484,0.142,1,29,29,29,13,30,19,28,20,30,12,26,24,11,2021-22
11,Detroit Pistons,1610612765,82,23,59,0.28,3956.0,103.3,111.1,-7.9,100.9,17.1,0.234,0.756,0.482,0.14,1,28,28,28,13,28,24,26,24,13,23,29,19,12,2021-22
12,Oklahoma City Thunder,1610612760,82,24,58,0.293,3961.0,102.2,110.2,-8.0,100.8,16.4,0.218,0.761,0.485,0.138,1,27,27,27,8,29,17,27,28,21,20,25,17,13,2021-22
13,Golden State Warriors,1610612744,82,53,29,0.646,3946.0,110.5,103.9,6.5,100.7,19.5,0.228,0.787,0.516,0.148,1,3,3,3,24,15,1,3,3,18,2,4,29,14,2021-22
14,Portland Trail Blazers,1610612757,82,27,55,0.329,3946.0,105.5,114.0,-8.5,100.6,17.0,0.229,0.769,0.489,0.144,1,25,25,25,24,26,29,28,26,17,15,21,26,15,2021-22
15,Indiana Pacers,1610612754,82,25,57,0.305,3976.0,109.2,113.9,-4.6,100.5,18.1,0.255,0.762,0.504,0.141,1,26,26,26,3,19,28,24,11,4,19,13,23,16,2021-22
16,Chicago Bulls,1610612741,82,46,36,0.561,3946.0,111.0,111.1,-0.1,100.4,17.8,0.204,0.783,0.495,0.128,1,12,12,12,24,12,23,19,17,28,4,17,7,17,2021-22
17,LA Clippers,1610612746,82,42,40,0.512,3956.0,107.7,107.5,0.2,100.2,17.7,0.206,0.744,0.483,0.136,1,18,18,18,13,24,8,18,19,27,30,28,13,18,2021-22
18,Atlanta Hawks,1610612737,82,43,39,0.524,3941.0,114.0,112.1,1.9,100.0,18.1,0.23,0.769,0.501,0.119,1,16,16,16,30,1,26,12,14,16,16,15,1,19,2021-22
19,Denver Nuggets,1610612743,82,48,34,0.585,3961.0,111.7,110.3,1.4,99.9,20.0,0.219,0.783,0.51,0.144,1,10,10,10,8,6,18,14,1,20,6,9,25,20,2021-22
20,New Orleans Pelicans,1610612740,82,36,46,0.439,3951.0,109.0,110.5,-1.5,99.7,18.1,0.269,0.782,0.52,0.14,1,20,20,20,19,20,20,21,13,3,7,3,21,21,2021-22
21,Utah Jazz,1610612762,82,49,33,0.598,3946.0,114.0,107.7,6.2,99.5,16.7,0.254,0.783,0.527,0.14,1,9,9,9,24,2,10,4,27,5,5,2,22,22,2021-22
22,Washington Wizards,1610612764,82,35,47,0.427,3966.0,108.9,111.7,-2.8,99.3,18.5,0.209,0.769,0.494,0.132,1,21,21,21,7,21,25,22,8,26,14,18,11,23,2021-22
23,Boston Celtics,1610612738,82,51,31,0.622,3981.0,112.1,104.0,8.1,99.0,18.2,0.24,0.773,0.513,0.137,1,6,6,6,2,5,2,1,10,8,11,7,14,24,2021-22
24,Toronto Raptors,1610612761,82,48,34,0.585,3971.0,109.6,107.9,1.7,98.6,16.1,0.284,0.756,0.507,0.125,1,10,10,10,5,16,11,13,30,2,24,11,3,25,2021-22
25,Philadelphia 76ers,1610612755,82,51,31,0.622,3961.0,111.0,108.3,2.7,98.4,17.9,0.201,0.768,0.489,0.126,1,6,6,6,8,11,12,9,16,29,17,22,4,26,2021-22
26,New York Knicks,1610612752,82,37,45,0.451,3956.0,108.0,107.6,0.4,98.4,16.4,0.251,0.788,0.514,0.134,1,19,19,19,13,22,9,17,29,6,1,6,12,26,2021-22
27,Cleveland Cavaliers,1610612739,82,44,38,0.537,3946.0,109.4,107.0,2.4,98.4,18.7,0.24,0.765,0.508,0.146,1,14,14,14,24,18,7,10,7,9,18,10,27,26,2021-22
28,Miami Heat,1610612748,82,53,29,0.646,3971.0,111.2,106.3,4.9,98.2,18.8,0.235,0.78,0.512,0.147,1,3,3,3,5,10,5,6,6,12,9,8,28,29,2021-22
29,Dallas Mavericks,1610612742,82,52,30,0.634,3951.0,110.5,106.8,3.7,97.5,17.8,0.213,0.78,0.496,0.128,1,5,5,5,19,14,6,7,18,24,8,16,8,30,2021-22
0,Golden State Warriors,1610612744,82,44,38,0.537,3966.0,113.5,111.4,2.1,104.2,20.4,0.244,0.76,0.507,0.155,1,11,11,11,12,9,12,10,2,14,16,10,29,1,2022-23
1,San Antonio Spurs,1610612759,82,22,60,0.268,3971.0,107.2,117.7,-10.5,104.1,18.7,0.256,0.749,0.493,0.145,1,28,28,28,8,29,30,30,8,7,24,21,24,2,2022-23
2,Indiana Pacers,1610612754,82,35,47,0.427,3951.0,111.0,115.4,-4.4,103.8,18.9,0.234,0.722,0.478,0.142,1,23,23,23,25,24,26,26,7,18,30,28,20,3,2022-23
3,Memphis Grizzlies,1610612763,82,51,31,0.622,3956.0,112.3,108.3,4.0,103.7,18.2,0.265,0.759,0.512,0.131,1,5,5,5,22,14,2,4,15,6,18,6,6,4,2022-23
4,Oklahoma City Thunder,1610612760,82,40,42,0.488,3971.0,112.3,111.4,0.8,103.6,17.2,0.247,0.729,0.484,0.125,1,19,19,19,8,15,13,14,26,13,29,27,4,5,2022-23
5,Los Angeles Lakers,1610612747,82,43,39,0.524,3976.0,111.8,111.5,0.3,103.6,17.9,0.228,0.763,0.505,0.134,1,14,14,14,5,19,16,16,18,20,13,12,11,5,2022-23
6,Minnesota Timberwolves,1610612750,82,42,40,0.512,3966.0,111.3,111.1,0.2,103.4,18.6,0.215,0.743,0.484,0.147,1,15,15,15,12,23,11,20,10,27,26,26,25,7,2022-23
7,Charlotte Hornets,1610612766,82,27,55,0.329,3966.0,106.7,112.6,-5.9,103.3,17.8,0.238,0.755,0.491,0.137,1,27,27,27,12,30,20,27,20,16,22,23,14,8,2022-23
8,Atlanta Hawks,1610612737,82,41,41,0.5,3971.0,113.9,113.6,0.3,103.1,17.6,0.251,0.758,0.502,0.124,1,17,17,17,8,7,22,16,22,8,19,15,3,9,2022-23
9,Utah Jazz,1610612762,82,37,45,0.451,3961.0,112.7,113.8,-1.1,103.1,18.2,0.268,0.752,0.514,0.148,1,22,22,22,18,12,23,22,14,4,23,4,28,9,2022-23
10,Milwaukee Bucks,1610612749,82,58,24,0.707,3966.0,112.8,109.4,3.3,102.8,18.1,0.25,0.778,0.524,0.141,1,1,1,1,12,11,4,5,16,9,3,3,19,11,2022-23
11,Sacramento Kings,1610612758,82,48,34,0.585,3966.0,117.0,114.1,2.9,102.5,19.3,0.227,0.772,0.502,0.131,1,7,7,7,12,1,25,8,3,22,7,16,7,12,2022-23
12,Houston Rockets,1610612745,82,22,60,0.268,3951.0,107.7,116.9,-9.2,101.8,16.0,0.302,0.758,0.527,0.158,1,28,28,28,25,28,29,29,30,1,20,1,30,13,2022-23
13,Orlando Magic,1610612753,82,34,48,0.415,3956.0,109.0,111.5,-2.4,101.7,17.0,0.238,0.777,0.507,0.148,1,25,25,25,22,26,15,24,27,15,4,11,27,14,2022-23
14,Detroit Pistons,1610612765,82,17,65,0.207,3961.0,107.8,116.1,-8.2,101.6,16.7,0.249,0.74,0.487,0.147,1,30,30,30,18,27,28,28,28,10,27,24,26,15,2022-23
15,New Orleans Pelicans,1610612740,82,42,40,0.512,3971.0,111.8,109.9,1.9,101.4,18.5,0.247,0.774,0.511,0.143,1,15,15,15,8,20,6,13,12,12,6,7,21,16,2022-23
16,Portland Trail Blazers,1610612757,82,33,49,0.402,3946.0,112.0,116.0,-4.0,101.0,17.8,0.224,0.749,0.484,0.143,1,26,26,26,29,18,27,25,19,24,25,25,22,17,2022-23
17,Phoenix Suns,1610612756,82,45,37,0.549,3956.0,112.1,110.1,2.1,100.8,19.3,0.266,0.76,0.508,0.134,1,9,9,9,22,17,7,10,4,5,17,8,10,18,2022-23
18,Washington Wizards,1610612764,82,35,47,0.427,3951.0,111.5,113.3,-1.8,100.8,18.5,0.226,0.761,0.504,0.139,1,23,23,23,25,22,21,23,13,23,15,14,17,18,2022-23
19,Brooklyn Nets,1610612751,82,45,37,0.549,3946.0,113.0,110.9,2.1,100.7,18.9,0.196,0.737,0.473,0.137,1,9,9,9,29,10,10,10,6,29,28,29,15,20,2022-23
20,Boston Celtics,1610612738,82,57,25,0.695,3996.0,115.7,108.8,7.0,100.6,19.1,0.221,0.785,0.507,0.131,1,2,2,2,1,2,3,1,5,25,1,9,8,21,2022-23
21,Chicago Bulls,1610612741,82,40,42,0.488,3981.0,111.7,109.4,2.3,100.6,18.1,0.201,0.778,0.494,0.132,1,19,19,19,4,21,5,9,17,28,2,20,9,21,2022-23
22,Denver Nuggets,1610612743,82,53,29,0.646,3951.0,115.0,111.7,3.3,100.3,20.5,0.248,0.764,0.513,0.144,1,4,4,4,25,4,17,5,1,11,12,5,23,23,2022-23
23,LA Clippers,1610612746,82,44,38,0.537,3966.0,112.4,112.0,0.3,100.2,17.5,0.229,0.766,0.501,0.141,1,11,11,11,12,13,19,16,23,19,11,17,18,24,2022-23
24,New York Knicks,1610612752,82,47,35,0.573,3991.0,114.9,111.8,3.1,99.7,16.6,0.283,0.771,0.526,0.129,1,8,8,8,2,5,18,7,29,2,9,2,5,25,2022-23
25,Toronto Raptors,1610612761,82,41,41,0.5,3961.0,112.2,111.4,0.8,99.6,17.2,0.278,0.767,0.504,0.116,1,17,17,17,18,16,14,14,25,3,10,13,1,26,2022-23
26,Philadelphia 76ers,1610612755,82,54,28,0.659,3976.0,115.5,110.2,5.2,99.2,18.6,0.216,0.772,0.499,0.137,1,3,3,3,5,3,8,3,9,26,8,19,16,27,2022-23
27,Dallas Mavericks,1610612742,82,38,44,0.463,3986.0,114.3,114.0,0.3,98.8,17.4,0.18,0.755,0.464,0.122,1,21,21,21,3,6,24,16,24,30,21,30,2,28,2022-23
28,Miami Heat,1610612748,82,44,38,0.537,3961.0,110.4,110.6,-0.2,98.6,17.8,0.228,0.777,0.492,0.136,1,11,11,11,18,25,9,21,21,21,5,22,13,29,2022-23
29,Cleveland Cavaliers,1610612739,82,51,31,0.622,3976.0,113.7,107.7,6.0,98.0,18.6,0.236,0.763,0.499,0.135,1,5,5,5,5,8,1,2,11,17,14,18,12,30,2022-23
0,Indiana Pacers,1610612754,24,13,11,0.542,1152.0,118.2,117.9,0.3,107.3,20.3,0.24,0.736,0.485,0.123,24,17,12,16,29,3,28,18,2,20,24,23,3,1,2023-24
1,Washington Wizards,1610612764,25,4,21,0.16,1200.0,109.9,118.1,-8.2,106.4,19.4,0.186,0.705,0.443,0.133,12,28,28,28,20,24,30,27,6,30,29,30,14,2,2023-24
2,San Antonio Spurs,1610612759,25,4,21,0.16,1210.0,104.8,116.1,-11.3,104.5,19.9,0.219,0.764,0.483,0.15,12,28,28,28,13,29,24,29,4,27,6,24,27,3,2023-24
3,Atlanta Hawks,1610612737,25,10,15,0.4,1205.0,116.7,117.4,-0.6,104.3,17.6,0.288,0.726,0.5,0.13,12,21,21,21,16,4,27,21,26,4,27,18,8,4,2023-24
4,Milwaukee Bucks,1610612749,26,19,7,0.731,1258.0,118.5,113.3,5.2,104.3,18.0,0.231,0.742,0.502,0.132,4,2,3,3,6,2,21,6,23,22,21,16,12,4,2023-24
5,Oklahoma City Thunder,1610612760,24,16,8,0.667,1162.0,115.5,109.1,6.4,103.3,18.1,0.207,0.699,0.468,0.124,24,6,5,5,24,7,7,4,22,29,30,29,5,6,2023-24
6,Dallas Mavericks,1610612742,25,16,9,0.64,1200.0,116.3,113.5,2.8,103.1,18.4,0.231,0.729,0.479,0.117,12,6,6,6,20,5,22,10,17,23,26,26,1,7,2023-24
7,Detroit Pistons,1610612765,26,2,24,0.077,1248.0,105.1,116.7,-11.6,103.1,18.3,0.252,0.759,0.5,0.16,4,30,30,30,10,27,26,30,19,14,12,20,29,7,2023-24
8,Los Angeles Lakers,1610612747,26,15,11,0.577,1258.0,110.5,109.3,1.3,102.7,19.3,0.208,0.762,0.5,0.139,4,10,12,12,6,19,8,14,8,28,8,19,20,9,2023-24
9,Sacramento Kings,1610612758,24,15,9,0.625,1162.0,113.0,113.0,0.0,102.6,19.7,0.237,0.781,0.501,0.135,24,10,6,9,24,15,18,20,5,21,1,17,16,10,2023-24
10,Orlando Magic,1610612753,25,16,9,0.64,1200.0,110.2,107.2,3.0,102.6,18.0,0.259,0.778,0.517,0.148,12,6,6,6,20,22,4,8,24,12,2,8,24,10,2023-24
11,New Orleans Pelicans,1610612740,27,16,11,0.593,1296.0,113.4,110.8,2.6,102.5,18.8,0.248,0.763,0.504,0.134,1,6,12,11,2,14,11,11,11,16,7,14,15,12,2023-24
12,Philadelphia 76ers,1610612755,25,18,7,0.72,1205.0,119.3,108.4,10.8,102.3,18.4,0.277,0.761,0.524,0.127,12,4,3,4,16,1,5,1,16,5,11,2,6,13,2023-24
13,Golden State Warriors,1610612744,26,12,14,0.462,1258.0,112.5,112.4,0.1,102.1,19.0,0.288,0.756,0.519,0.151,4,20,20,20,6,16,15,19,9,3,15,6,28,14,2023-24
14,Utah Jazz,1610612762,26,9,17,0.346,1263.0,108.0,116.5,-8.5,102.0,18.5,0.301,0.748,0.52,0.166,4,24,23,24,4,26,25,28,15,2,19,5,30,15,2023-24
15,Memphis Grizzlies,1610612763,24,6,18,0.25,1157.0,103.4,109.9,-6.5,101.9,17.3,0.227,0.752,0.478,0.141,24,26,26,26,26,30,10,24,28,25,17,27,21,16,2023-24
16,Charlotte Hornets,1610612766,24,7,17,0.292,1157.0,110.0,118.0,-8.0,101.5,18.2,0.243,0.733,0.48,0.138,24,25,23,25,26,23,29,26,21,19,25,25,18,17,2023-24
17,Minnesota Timberwolves,1610612750,24,19,5,0.792,1157.0,112.2,103.6,8.6,101.3,18.6,0.244,0.762,0.522,0.148,24,2,1,2,26,17,1,3,12,18,9,3,25,18,2023-24
18,Toronto Raptors,1610612761,25,10,15,0.4,1210.0,110.4,112.7,-2.3,101.1,20.1,0.27,0.757,0.507,0.139,12,21,21,21,13,21,17,22,3,7,13,12,19,19,2023-24
19,Portland Trail Blazers,1610612757,25,6,19,0.24,1215.0,104.8,112.7,-7.8,100.9,16.0,0.267,0.714,0.476,0.15,12,26,27,27,12,28,16,25,30,8,28,28,26,20,2023-24
20,LA Clippers,1610612746,25,15,10,0.6,1205.0,114.5,108.5,6.0,100.8,18.3,0.249,0.743,0.504,0.131,12,10,9,10,16,9,6,5,18,15,20,15,9,21,2023-24
21,Brooklyn Nets,1610612751,25,13,12,0.52,1205.0,115.1,113.2,1.9,100.8,18.6,0.277,0.757,0.519,0.131,12,17,17,19,16,8,19,12,13,6,14,7,10,21,2023-24
22,Cleveland Cavaliers,1610612739,26,14,12,0.538,1253.0,110.5,109.5,1.1,100.7,18.2,0.253,0.749,0.506,0.143,4,14,17,17,9,20,9,16,20,13,18,13,22,23,2023-24
23,Boston Celtics,1610612738,25,20,5,0.8,1210.0,116.0,107.2,8.8,100.5,17.9,0.245,0.771,0.52,0.136,12,1,1,1,13,6,3,2,25,17,5,4,17,24,2023-24
24,Phoenix Suns,1610612756,26,14,12,0.538,1263.0,113.5,112.4,1.1,100.3,18.8,0.265,0.738,0.514,0.147,4,14,17,17,4,13,14,16,10,9,23,9,23,25,2023-24
25,Denver Nuggets,1610612743,27,17,10,0.63,1296.0,114.5,111.4,3.0,99.8,20.9,0.265,0.754,0.509,0.123,1,5,9,8,2,10,12,8,1,10,16,10,4,26,2023-24
26,Houston Rockets,1610612745,23,13,10,0.565,1109.0,109.7,105.6,4.0,99.8,18.5,0.229,0.774,0.508,0.132,30,17,9,14,30,25,2,7,14,24,3,11,11,26,2023-24
27,Miami Heat,1610612748,26,15,11,0.577,1248.0,113.6,112.1,1.5,99.7,19.3,0.222,0.774,0.492,0.132,4,10,12,12,10,12,13,13,7,26,3,21,13,28,2023-24
28,New York Knicks,1610612752,25,14,11,0.56,1200.0,114.4,113.3,1.2,99.4,17.3,0.302,0.762,0.527,0.13,12,14,12,15,20,11,20,15,29,1,10,1,7,29,2023-24
29,Chicago Bulls,1610612741,27,10,17,0.37,1316.0,110.6,114.0,-3.4,98.1,17.3,0.26,0.741,0.487,0.12,1,21,23,23,1,18,23,23,27,11,22,22,2,30,2023-24
